6 46.12699900 -92.06800100 45.69800200 -91.46099900 3.35951037
6 46.38999900 -92.55300100 45.69800200 -91.46099900 3.35335277
6 46.38999900 -92.55300100 45.41500100 -90.94599900 3.33571096
6 46.38999900 -92.55300100 45.59000000 -91.28099800 3.34396852
6 46.40000200 -92.65699800 45.53400000 -91.09600100 3.33812819
6 46.40000200 -92.65699800 45.69800200 -91.46099900 3.32731144
6 46.40000200 -92.65699800 45.59000000 -91.28099800 3.33675235
6 46.40000200 -92.65699800 45.41500100 -90.94599900 3.33479947
6 46.44599900 -92.68499800 45.77500200 -91.55600000 3.35102148
6 46.44599900 -92.68499800 45.59000000 -91.28099800 3.34350452
6 46.44599900 -92.68499800 45.41500100 -90.94599900 3.34084657
6 46.44599900 -92.68499800 45.69800200 -91.46099900 3.33550691
6 46.52700000 -92.83499900 45.59000000 -91.28099800 3.33016220
6 46.52700000 -92.83499900 45.41500100 -90.94599900 3.34487964
6 46.52700000 -92.83499900 45.77500200 -91.55600000 3.34988909
6 46.52700000 -92.83499900 45.53400000 -91.09600100 3.33143292
6 46.61000100 -92.91999800 45.53400000 -91.09600100 3.34205489
6 46.61000100 -92.91999800 45.77500200 -91.55600000 3.34521226
6 46.61000100 -92.91999800 45.69800200 -91.46099900 3.32969149
6 46.61000100 -92.91999800 45.59000000 -91.28099800 3.33059635
6 46.65700100 -93.03500400 45.59000000 -91.28099800 3.33445728
6 46.65700100 -93.03500400 45.77500200 -91.55600000 3.34561519
6 46.65700100 -93.03500400 45.53400000 -91.09600100 3.34002707
6 46.71699900 -93.12599900 45.69800200 -91.46099900 3.33409086
6 46.71699900 -93.12599900 45.77500200 -91.55600000 3.34908717
6 46.71699900 -93.12599900 45.53400000 -91.09600100 3.34757362
6 46.74900100 -93.21099900 45.53400000 -91.09600100 3.34597632
6 46.74900100 -93.21099900 45.77500200 -91.55600000 3.34279463
6 46.74900100 -93.21099900 45.59000000 -91.28099800 3.33053919
6.1496063 46.38999900 -92.55300100 45.41500100 -90.94599900 3.34420690
6.1496063 46.38999900 -92.55300100 45.59000000 -91.28099800 3.35133936
6.1496063 46.40000200 -92.65699800 45.53400000 -91.09600100 3.34524910
6.1496063 46.40000200 -92.65699800 45.69800200 -91.46099900 3.33256347
6.1496063 46.40000200 -92.65699800 45.59000000 -91.28099800 3.34340927
6.1496063 46.40000200 -92.65699800 45.41500100 -90.94599900 3.34193197
6.1496063 46.44599900 -92.68499800 45.59000000 -91.28099800 3.34907925
6.1496063 46.44599900 -92.68499800 45.41500100 -90.94599900 3.34742804
6.1496063 46.44599900 -92.68499800 45.69800200 -91.46099900 3.34127902
6.1496063 46.52700000 -92.83499900 45.59000000 -91.28099800 3.33599157
6.1496063 46.52700000 -92.83499900 45.41500100 -90.94599900 3.34960259
6.1496063 46.52700000 -92.83499900 45.53400000 -91.09600100 3.33766423
6.1496063 46.52700000 -92.83499900 45.69800200 -91.46099900 3.33248851
6.1496063 46.61000100 -92.91999800 45.53400000 -91.09600100 3.34636049
6.1496063 46.61000100 -92.91999800 45.77500200 -91.55600000 3.34846693
6.1496063 46.61000100 -92.91999800 45.69800200 -91.46099900 3.33796215
6.1496063 46.61000100 -92.91999800 45.59000000 -91.28099800 3.33574422
6.1496063 46.65700100 -93.03500400 45.59000000 -91.28099800 3.33922979
6.1496063 46.65700100 -93.03500400 45.77500200 -91.55600000 3.35161605
6.1496063 46.65700100 -93.03500400 45.69800200 -91.46099900 3.33646742
6.1496063 46.65700100 -93.03500400 45.53400000 -91.09600100 3.34720413
6.1496063 46.71699900 -93.12599900 45.69800200 -91.46099900 3.33873674
6.1496063 46.71699900 -93.12599900 45.53400000 -91.09600100 3.34920130
6.1496063 46.74900100 -93.21099900 45.53400000 -91.09600100 3.34888591
6.1496063 46.74900100 -93.21099900 45.77500200 -91.55600000 3.35067985
6.1496063 46.74900100 -93.21099900 45.59000000 -91.28099800 3.33455342
6.2992126 46.38999900 -92.55300100 45.41500100 -90.94599900 3.35505029
6.2992126 46.38999900 -92.55300100 45.59000000 -91.28099800 3.35858078
6.2992126 46.40000200 -92.65699800 45.53400000 -91.09600100 3.35239158
6.2992126 46.40000200 -92.65699800 45.69800200 -91.46099900 3.34063682
6.2992126 46.40000200 -92.65699800 45.59000000 -91.28099800 3.34998299
6.2992126 46.40000200 -92.65699800 45.41500100 -90.94599900 3.34907413
6.2992126 46.44599900 -92.68499800 45.59000000 -91.28099800 3.35465978
6.2992126 46.44599900 -92.68499800 45.41500100 -90.94599900 3.35398318
6.2992126 46.44599900 -92.68499800 45.69800200 -91.46099900 3.34717728
6.2992126 46.44599900 -92.68499800 45.53400000 -91.09600100 3.36119858
6.2992126 46.52700000 -92.83499900 45.59000000 -91.28099800 3.34184446
6.2992126 46.52700000 -92.83499900 45.41500100 -90.94599900 3.35449155
6.2992126 46.52700000 -92.83499900 45.53400000 -91.09600100 3.34216177
6.2992126 46.61000100 -92.91999800 45.53400000 -91.09600100 3.35063288
6.2992126 46.61000100 -92.91999800 45.77500200 -91.55600000 3.35436716
6.2992126 46.61000100 -92.91999800 45.69800200 -91.46099900 3.34387610
6.2992126 46.61000100 -92.91999800 45.41500100 -90.94599900 3.35928972
6.2992126 46.61000100 -92.91999800 45.59000000 -91.28099800 3.34091259
6.2992126 46.65700100 -93.03500400 45.59000000 -91.28099800 3.34401574
6.2992126 46.65700100 -93.03500400 45.77500200 -91.55600000 3.35753438
6.2992126 46.65700100 -93.03500400 45.69800200 -91.46099900 3.34195013
6.2992126 46.65700100 -93.03500400 45.53400000 -91.09600100 3.35208447
6.2992126 46.71699900 -93.12599900 45.69800200 -91.46099900 3.34343687
6.2992126 46.71699900 -93.12599900 45.77500200 -91.55600000 3.35872896
6.2992126 46.71699900 -93.12599900 45.53400000 -91.09600100 3.35297685
6.2992126 46.74900100 -93.21099900 45.53400000 -91.09600100 3.35191298
6.2992126 46.74900100 -93.21099900 45.77500200 -91.55600000 3.35620089
6.4488189 46.38999900 -92.55300100 45.41500100 -90.94599900 3.36335583
6.4488189 46.38999900 -92.55300100 45.59000000 -91.28099800 3.36571048
6.4488189 46.40000200 -92.65699800 45.53400000 -91.09600100 3.35951471
6.4488189 46.40000200 -92.65699800 45.69800200 -91.46099900 3.34885760
6.4488189 46.40000200 -92.65699800 45.59000000 -91.28099800 3.35646666
6.4488189 46.40000200 -92.65699800 45.41500100 -90.94599900 3.35782259
6.4488189 46.44599900 -92.68499800 45.59000000 -91.28099800 3.36023878
6.4488189 46.44599900 -92.68499800 45.41500100 -90.94599900 3.36050206
6.4488189 46.44599900 -92.68499800 45.69800200 -91.46099900 3.35323395
6.4488189 46.44599900 -92.68499800 45.53400000 -91.09600100 3.36667148
6.4488189 46.52700000 -92.83499900 45.59000000 -91.28099800 3.34772202
6.4488189 46.52700000 -92.83499900 45.41500100 -90.94599900 3.35832473
6.4488189 46.52700000 -92.83499900 45.53400000 -91.09600100 3.34886798
6.4488189 46.52700000 -92.83499900 45.69800200 -91.46099900 3.34564504
6.4488189 46.61000100 -92.91999800 45.53400000 -91.09600100 3.35488617
6.4488189 46.61000100 -92.91999800 45.77500200 -91.55600000 3.36036086
6.4488189 46.61000100 -92.91999800 45.69800200 -91.46099900 3.34967924
6.4488189 46.61000100 -92.91999800 45.41500100 -90.94599900 3.36357149
6.4488189 46.65700100 -93.03500400 45.59000000 -91.28099800 3.34882795
6.4488189 46.65700100 -93.03500400 45.77500200 -91.55600000 3.36333942
6.4488189 46.65700100 -93.03500400 45.69800200 -91.46099900 3.34735062
6.4488189 46.65700100 -93.03500400 45.53400000 -91.09600100 3.35692767
6.4488189 46.71699900 -93.12599900 45.69800200 -91.46099900 3.34816646
6.4488189 46.71699900 -93.12599900 45.77500200 -91.55600000 3.36367534
6.4488189 46.71699900 -93.12599900 45.41500100 -90.94599900 3.36404044
6.4488189 46.71699900 -93.12599900 45.53400000 -91.09600100 3.35682666
6.4488189 46.74900100 -93.21099900 45.53400000 -91.09600100 3.35357782
6.4488189 46.74900100 -93.21099900 45.41500100 -90.94599900 3.36398781
6.4488189 46.74900100 -93.21099900 45.77500200 -91.55600000 3.36155830
6.5984252 46.38999900 -92.55300100 45.41500100 -90.94599900 3.37152659
6.5984252 46.38999900 -92.55300100 45.59000000 -91.28099800 3.37522110
6.5984252 46.40000200 -92.65699800 45.53400000 -91.09600100 3.36657891
6.5984252 46.40000200 -92.65699800 45.69800200 -91.46099900 3.35719476
6.5984252 46.40000200 -92.65699800 45.59000000 -91.28099800 3.36502033
6.5984252 46.40000200 -92.65699800 45.41500100 -90.94599900 3.36476647
6.5984252 46.44599900 -92.68499800 45.59000000 -91.28099800 3.36580606
6.5984252 46.44599900 -92.68499800 45.41500100 -90.94599900 3.36697148
6.5984252 46.44599900 -92.68499800 45.69800200 -91.46099900 3.35947075
6.5984252 46.44599900 -92.68499800 45.53400000 -91.09600100 3.37215739
6.5984252 46.52700000 -92.83499900 45.59000000 -91.28099800 3.35361763
6.5984252 46.52700000 -92.83499900 45.41500100 -90.94599900 3.36367643
6.5984252 46.52700000 -92.83499900 45.53400000 -91.09600100 3.35563917
6.5984252 46.52700000 -92.83499900 45.69800200 -91.46099900 3.35234543
6.5984252 46.61000100 -92.91999800 45.53400000 -91.09600100 3.35913033
6.5984252 46.61000100 -92.91999800 45.77500200 -91.55600000 3.36638660
6.5984252 46.61000100 -92.91999800 45.69800200 -91.46099900 3.35539326
6.5984252 46.61000100 -92.91999800 45.41500100 -90.94599900 3.36787093
6.5984252 46.65700100 -93.03500400 45.41500100 -90.94599900 3.36982183
6.5984252 46.65700100 -93.03500400 45.59000000 -91.28099800 3.35367206
6.5984252 46.65700100 -93.03500400 45.77500200 -91.55600000 3.37073514
6.5984252 46.65700100 -93.03500400 45.69800200 -91.46099900 3.35269892
6.5984252 46.65700100 -93.03500400 45.53400000 -91.09600100 3.36172581
6.5984252 46.71699900 -93.12599900 45.69800200 -91.46099900 3.35289723
6.5984252 46.71699900 -93.12599900 45.77500200 -91.55600000 3.36868441
6.5984252 46.71699900 -93.12599900 45.41500100 -90.94599900 3.36937946
6.5984252 46.71699900 -93.12599900 45.53400000 -91.09600100 3.36074856
6.5984252 46.74900100 -93.21099900 45.53400000 -91.09600100 3.35693723
6.5984252 46.74900100 -93.21099900 45.41500100 -90.94599900 3.36771073
6.5984252 46.74900100 -93.21099900 45.77500200 -91.55600000 3.36676088
6.7480315 46.40000200 -92.65699800 45.53400000 -91.09600100 3.37354807
6.7480315 46.40000200 -92.65699800 45.69800200 -91.46099900 3.36560427
6.7480315 46.40000200 -92.65699800 45.59000000 -91.28099800 3.37107772
6.7480315 46.40000200 -92.65699800 45.41500100 -90.94599900 3.37168274
6.7480315 46.44599900 -92.68499800 45.59000000 -91.28099800 3.37135272
6.7480315 46.44599900 -92.68499800 45.41500100 -90.94599900 3.37460634
6.7480315 46.44599900 -92.68499800 45.69800200 -91.46099900 3.36589686
6.7480315 46.44599900 -92.68499800 45.53400000 -91.09600100 3.37761722
6.7480315 46.52700000 -92.83499900 45.59000000 -91.28099800 3.35951825
6.7480315 46.52700000 -92.83499900 45.41500100 -90.94599900 3.36913772
6.7480315 46.52700000 -92.83499900 45.53400000 -91.09600100 3.36402927
6.7480315 46.52700000 -92.83499900 45.69800200 -91.46099900 3.35905965
6.7480315 46.61000100 -92.91999800 45.53400000 -91.09600100 3.36337112
6.7480315 46.61000100 -92.91999800 45.77500200 -91.55600000 3.37390682
6.7480315 46.61000100 -92.91999800 45.69800200 -91.46099900 3.36103418
6.7480315 46.61000100 -92.91999800 45.41500100 -90.94599900 3.37219344
6.7480315 46.65700100 -93.03500400 45.41500100 -90.94599900 3.37398994
6.7480315 46.65700100 -93.03500400 45.59000000 -91.28099800 3.35854734
6.7480315 46.65700100 -93.03500400 45.77500200 -91.55600000 3.37604965
6.7480315 46.65700100 -93.03500400 45.69800200 -91.46099900 3.35801747
6.7480315 46.65700100 -93.03500400 45.53400000 -91.09600100 3.36647198
6.7480315 46.71699900 -93.12599900 45.69800200 -91.46099900 3.35760165
6.7480315 46.71699900 -93.12599900 45.77500200 -91.55600000 3.37374078
6.7480315 46.71699900 -93.12599900 45.41500100 -90.94599900 3.37321930
6.7480315 46.71699900 -93.12599900 45.53400000 -91.09600100 3.36473925
6.7480315 46.74900100 -93.21099900 45.53400000 -91.09600100 3.36037917
6.7480315 46.74900100 -93.21099900 45.41500100 -90.94599900 3.37147785
6.7480315 46.74900100 -93.21099900 45.77500200 -91.55600000 3.37319227
6.8976378 46.40000200 -92.65699800 45.53400000 -91.09600100 3.38217318
6.8976378 46.40000200 -92.65699800 45.69800200 -91.46099900 3.37403349
6.8976378 46.40000200 -92.65699800 45.59000000 -91.28099800 3.37707226
6.8976378 46.40000200 -92.65699800 45.41500100 -90.94599900 3.37854182
6.8976378 46.44599900 -92.68499800 45.59000000 -91.28099800 3.37687341
6.8976378 46.44599900 -92.68499800 45.41500100 -90.94599900 3.38079158
6.8976378 46.44599900 -92.68499800 45.69800200 -91.46099900 3.37139968
6.8976378 46.44599900 -92.68499800 45.53400000 -91.09600100 3.38301718
6.8976378 46.52700000 -92.83499900 45.59000000 -91.28099800 3.36540571
6.8976378 46.52700000 -92.83499900 45.41500100 -90.94599900 3.37467933
6.8976378 46.52700000 -92.83499900 45.53400000 -91.09600100 3.37066969
6.8976378 46.52700000 -92.83499900 45.69800200 -91.46099900 3.36574341
6.8976378 46.61000100 -92.91999800 45.53400000 -91.09600100 3.36761115
6.8976378 46.61000100 -92.91999800 45.77500200 -91.55600000 3.37968494
6.8976378 46.61000100 -92.91999800 45.69800200 -91.46099900 3.36661023
6.8976378 46.61000100 -92.91999800 45.41500100 -90.94599900 3.37654537
6.8976378 46.65700100 -93.03500400 45.41500100 -90.94599900 3.37823002
6.8976378 46.65700100 -93.03500400 45.59000000 -91.28099800 3.36344780
6.8976378 46.65700100 -93.03500400 45.77500200 -91.55600000 3.38124265
6.8976378 46.65700100 -93.03500400 45.69800200 -91.46099900 3.36332241
6.8976378 46.65700100 -93.03500400 45.53400000 -91.09600100 3.37116156
6.8976378 46.71699900 -93.12599900 45.69800200 -91.46099900 3.36225610
6.8976378 46.71699900 -93.12599900 45.77500200 -91.55600000 3.37882831
6.8976378 46.71699900 -93.12599900 45.41500100 -90.94599900 3.37706813
6.8976378 46.71699900 -93.12599900 45.53400000 -91.09600100 3.36879377
6.8976378 46.74900100 -93.21099900 45.41500100 -90.94599900 3.37528597
6.8976378 46.74900100 -93.21099900 45.77500200 -91.55600000 3.37796592
7.0472441 46.38999900 -92.55300100 45.59000000 -91.28099800 3.39486329
7.0472441 46.40000200 -92.65699800 45.53400000 -91.09600100 3.38868528
7.0472441 46.40000200 -92.65699800 45.69800200 -91.46099900 3.38381881
7.0472441 46.40000200 -92.65699800 45.59000000 -91.28099800 3.38301995
7.0472441 46.40000200 -92.65699800 45.41500100 -90.94599900 3.38531331
7.0472441 46.44599900 -92.68499800 45.59000000 -91.28099800 3.38236695
7.0472441 46.44599900 -92.68499800 45.41500100 -90.94599900 3.38689891
7.0472441 46.44599900 -92.68499800 45.69800200 -91.46099900 3.37828354
7.0472441 46.44599900 -92.68499800 45.53400000 -91.09600100 3.38833155
7.0472441 46.52700000 -92.83499900 45.59000000 -91.28099800 3.37125854
7.0472441 46.52700000 -92.83499900 45.41500100 -90.94599900 3.38026699
7.0472441 46.52700000 -92.83499900 45.53400000 -91.09600100 3.37721250
7.0472441 46.52700000 -92.83499900 45.69800200 -91.46099900 3.37236080
7.0472441 46.61000100 -92.91999800 45.53400000 -91.09600100 3.37185157
7.0472441 46.61000100 -92.91999800 45.77500200 -91.55600000 3.38535946
7.0472441 46.61000100 -92.91999800 45.69800200 -91.46099900 3.37327854
7.0472441 46.61000100 -92.91999800 45.41500100 -90.94599900 3.38093252
7.0472441 46.65700100 -93.03500400 45.41500100 -90.94599900 3.38252290
7.0472441 46.65700100 -93.03500400 45.77500200 -91.55600000 3.38631913
7.0472441 46.65700100 -93.03500400 45.53400000 -91.09600100 3.37579282
7.0472441 46.71699900 -93.12599900 45.77500200 -91.55600000 3.38392995
7.0472441 46.71699900 -93.12599900 45.41500100 -90.94599900 3.38092835
7.0472441 46.71699900 -93.12599900 45.53400000 -91.09600100 3.37290568
7.0472441 46.74900100 -93.21099900 45.83300000 -91.58499900 3.39193058
7.0472441 46.74900100 -93.21099900 45.41500100 -90.94599900 3.37912742
7.0472441 46.74900100 -93.21099900 45.77500200 -91.55600000 3.38263457
7.1968504 46.40000200 -92.65699800 45.69800200 -91.46099900 3.39205054
7.1968504 46.40000200 -92.65699800 45.59000000 -91.28099800 3.38893781
7.1968504 46.40000200 -92.65699800 45.41500100 -90.94599900 3.39300429
7.1968504 46.44599900 -92.68499800 45.59000000 -91.28099800 3.38783609
7.1968504 46.44599900 -92.68499800 45.41500100 -90.94599900 3.39291355
7.1968504 46.44599900 -92.68499800 45.69800200 -91.46099900 3.38527116
7.1968504 46.44599900 -92.68499800 45.53400000 -91.09600100 3.39495895
7.1968504 46.52700000 -92.83499900 45.59000000 -91.28099800 3.37705382
7.1968504 46.52700000 -92.83499900 45.41500100 -90.94599900 3.38586571
7.1968504 46.52700000 -92.83499900 45.53400000 -91.09600100 3.38361942
7.1968504 46.52700000 -92.83499900 45.69800200 -91.46099900 3.38004433
7.1968504 46.61000100 -92.91999800 45.53400000 -91.09600100 3.37609412
7.1968504 46.61000100 -92.91999800 45.77500200 -91.55600000 3.39090728
7.1968504 46.61000100 -92.91999800 45.69800200 -91.46099900 3.37865194
7.1968504 46.61000100 -92.91999800 45.41500100 -90.94599900 3.38535907
7.1968504 46.65700100 -93.03500400 45.41500100 -90.94599900 3.38685005
7.1968504 46.65700100 -93.03500400 45.77500200 -91.55600000 3.39128662
7.1968504 46.65700100 -93.03500400 45.69800200 -91.46099900 3.37393077
7.1968504 46.65700100 -93.03500400 45.53400000 -91.09600100 3.38160832
7.1968504 46.71699900 -93.12599900 45.77500200 -91.55600000 3.38902798
7.1968504 46.71699900 -93.12599900 45.41500100 -90.94599900 3.38480040
7.1968504 46.71699900 -93.12599900 45.53400000 -91.09600100 3.37706719
7.1968504 46.74900100 -93.21099900 45.41500100 -90.94599900 3.38299196
7.1968504 46.74900100 -93.21099900 45.77500200 -91.55600000 3.38721751
7.3464567 46.07199900 -92.00099900 45.53400000 -91.09600100 3.46086272
7.3464567 46.07199900 -92.00099900 45.41500100 -90.94599900 3.47453003
7.3464567 46.07199900 -92.00099900 45.59000000 -91.28099800 3.46386599
7.3464567 46.12699900 -92.06800100 45.53400000 -91.09600100 3.47807550
7.3464567 46.12699900 -92.06800100 45.41500100 -90.94599900 3.47659597
7.3464567 46.12699900 -92.06800100 45.59000000 -91.28099800 3.47558148
7.3464567 46.13800000 -92.18900300 45.69800200 -91.46099900 3.47755105
7.3464567 46.13800000 -92.18900300 45.41500100 -90.94599900 3.46187932
7.3464567 46.13800000 -92.18900300 45.53400000 -91.09600100 3.45863318
7.3464567 46.13800000 -92.18900300 45.59000000 -91.28099800 3.45067718
7.3464567 46.24800100 -92.30999800 45.41500100 -90.94599900 3.46807842
7.3464567 46.24800100 -92.30999800 45.59000000 -91.28099800 3.46700074
7.3464567 46.24800100 -92.30999800 45.53400000 -91.09600100 3.46744121
7.3464567 46.38999900 -92.55300100 45.77500200 -91.55600000 3.45573464
7.3464567 46.38999900 -92.55300100 45.83300000 -91.58499900 3.47824333
7.3464567 46.40000200 -92.65699800 45.83300000 -91.58499900 3.45687047
7.3464567 46.40000200 -92.65699800 45.87500000 -91.72399900 3.48863377
7.3464567 46.44599900 -92.68499800 45.83300000 -91.58499900 3.45233741
7.3464567 46.44599900 -92.68499800 45.87500000 -91.72399900 3.48572711
7.3464567 46.52700000 -92.83499900 45.87500000 -91.72399900 3.47089672
7.3464567 46.71699900 -93.12599900 46.01100200 -91.88900000 3.48726171
7.3464567 46.74900100 -93.21099900 46.12699900 -92.06800100 3.47877741
7.3464567 46.74900100 -93.21099900 46.01100200 -91.88900000 3.47095106
7.496063 46.07199900 -92.00099900 45.53400000 -91.09600100 3.46727723
7.496063 46.07199900 -92.00099900 45.41500100 -90.94599900 3.48266289
7.496063 46.07199900 -92.00099900 45.59000000 -91.28099800 3.47417149
7.496063 46.12699900 -92.06800100 45.53400000 -91.09600100 3.48239538
7.496063 46.12699900 -92.06800100 45.41500100 -90.94599900 3.48330191
7.496063 46.12699900 -92.06800100 45.59000000 -91.28099800 3.48263557
7.496063 46.13800000 -92.18900300 45.69800200 -91.46099900 3.48844163
7.496063 46.13800000 -92.18900300 45.41500100 -90.94599900 3.46809660
7.496063 46.13800000 -92.18900300 45.53400000 -91.09600100 3.46505107
7.496063 46.13800000 -92.18900300 45.59000000 -91.28099800 3.45689229
7.496063 46.24800100 -92.30999800 45.41500100 -90.94599900 3.47265521
7.496063 46.24800100 -92.30999800 45.59000000 -91.28099800 3.47359328
7.496063 46.24800100 -92.30999800 45.53400000 -91.09600100 3.47048314
7.496063 46.24800100 -92.30999800 45.69800200 -91.46099900 3.49620454
7.496063 46.38999900 -92.55300100 45.77500200 -91.55600000 3.46246719
7.496063 46.38999900 -92.55300100 45.83300000 -91.58499900 3.48463276
7.496063 46.40000200 -92.65699800 45.83300000 -91.58499900 3.46432426
7.496063 46.40000200 -92.65699800 45.87500000 -91.72399900 3.49496321
7.496063 46.44599900 -92.68499800 45.83300000 -91.58499900 3.45748751
7.496063 46.44599900 -92.68499800 45.87500000 -91.72399900 3.49165466
7.496063 46.52700000 -92.83499900 45.87500000 -91.72399900 3.47796005
7.496063 46.71699900 -93.12599900 46.01100200 -91.88900000 3.49276929
7.496063 46.74900100 -93.21099900 46.12699900 -92.06800100 3.48551208
7.496063 46.74900100 -93.21099900 46.01100200 -91.88900000 3.47691295
7.6456693 46.07199900 -92.00099900 45.53400000 -91.09600100 3.47288935
7.6456693 46.07199900 -92.00099900 45.41500100 -90.94599900 3.49062414
7.6456693 46.07199900 -92.00099900 45.59000000 -91.28099800 3.48440080
7.6456693 46.12699900 -92.06800100 45.53400000 -91.09600100 3.48672189
7.6456693 46.12699900 -92.06800100 45.41500100 -90.94599900 3.49005132
7.6456693 46.12699900 -92.06800100 45.59000000 -91.28099800 3.48963471
7.6456693 46.13800000 -92.18900300 45.69800200 -91.46099900 3.49948475
7.6456693 46.13800000 -92.18900300 45.41500100 -90.94599900 3.47440054
7.6456693 46.13800000 -92.18900300 45.53400000 -91.09600100 3.47140724
7.6456693 46.13800000 -92.18900300 45.59000000 -91.28099800 3.46313337
7.6456693 46.24800100 -92.30999800 45.41500100 -90.94599900 3.47721681
7.6456693 46.24800100 -92.30999800 45.59000000 -91.28099800 3.48003797
7.6456693 46.24800100 -92.30999800 45.53400000 -91.09600100 3.47503463
7.6456693 46.24800100 -92.30999800 45.69800200 -91.46099900 3.49987257
7.6456693 46.38999900 -92.55300100 45.77500200 -91.55600000 3.46915991
7.6456693 46.38999900 -92.55300100 45.83300000 -91.58499900 3.49107406
7.6456693 46.40000200 -92.65699800 45.83300000 -91.58499900 3.47060154
7.6456693 46.40000200 -92.65699800 45.87500000 -91.72399900 3.50129334
7.6456693 46.44599900 -92.68499800 45.87500000 -91.72399900 3.49772265
7.6456693 46.52700000 -92.83499900 45.87500000 -91.72399900 3.48511440
7.6456693 46.71699900 -93.12599900 46.01100200 -91.88900000 3.49836857
7.6456693 46.74900100 -93.21099900 46.07199900 -92.00099900 3.49943950
7.6456693 46.74900100 -93.21099900 46.12699900 -92.06800100 3.49223552
7.6456693 46.74900100 -93.21099900 46.01100200 -91.88900000 3.48287667
7.7952756 46.07199900 -92.00099900 45.53400000 -91.09600100 3.47980407
7.7952756 46.07199900 -92.00099900 45.41500100 -90.94599900 3.50002146
7.7952756 46.07199900 -92.00099900 45.59000000 -91.28099800 3.49449754
7.7952756 46.12699900 -92.06800100 45.53400000 -91.09600100 3.49109238
7.7952756 46.12699900 -92.06800100 45.41500100 -90.94599900 3.49685126
7.7952756 46.12699900 -92.06800100 45.59000000 -91.28099800 3.49664716
7.7952756 46.13800000 -92.18900300 45.69800200 -91.46099900 3.51052554
7.7952756 46.13800000 -92.18900300 45.41500100 -90.94599900 3.48076907
7.7952756 46.13800000 -92.18900300 45.53400000 -91.09600100 3.47769734
7.7952756 46.13800000 -92.18900300 45.59000000 -91.28099800 3.46940843
7.7952756 46.24800100 -92.30999800 45.41500100 -90.94599900 3.48178382
7.7952756 46.24800100 -92.30999800 45.59000000 -91.28099800 3.48633878
7.7952756 46.24800100 -92.30999800 45.53400000 -91.09600100 3.47966553
7.7952756 46.24800100 -92.30999800 45.69800200 -91.46099900 3.50340457
7.7952756 46.38999900 -92.55300100 45.77500200 -91.55600000 3.47580598
7.7952756 46.38999900 -92.55300100 45.83300000 -91.58499900 3.49755001
7.7952756 46.40000200 -92.65699800 45.83300000 -91.58499900 3.47682621
7.7952756 46.40000200 -92.65699800 45.87500000 -91.72399900 3.50761061
7.7952756 46.44599900 -92.68499800 45.87500000 -91.72399900 3.50393954
7.7952756 46.52700000 -92.83499900 45.87500000 -91.72399900 3.49229494
7.7952756 46.71699900 -93.12599900 46.01100200 -91.88900000 3.50403756
7.7952756 46.74900100 -93.21099900 46.07199900 -92.00099900 3.50365087
7.7952756 46.74900100 -93.21099900 46.12699900 -92.06800100 3.49891464
7.7952756 46.74900100 -93.21099900 46.01100200 -91.88900000 3.48878080
7.9448819 46.07199900 -92.00099900 45.53400000 -91.09600100 3.48689273
7.9448819 46.07199900 -92.00099900 45.41500100 -90.94599900 3.50745531
7.9448819 46.07199900 -92.00099900 45.59000000 -91.28099800 3.50611089
7.9448819 46.12699900 -92.06800100 45.53400000 -91.09600100 3.49554556
7.9448819 46.12699900 -92.06800100 45.41500100 -90.94599900 3.50370310
7.9448819 46.12699900 -92.06800100 45.59000000 -91.28099800 3.50373619
7.9448819 46.13800000 -92.18900300 45.69800200 -91.46099900 3.52141045
7.9448819 46.13800000 -92.18900300 45.41500100 -90.94599900 3.48718030
7.9448819 46.13800000 -92.18900300 45.53400000 -91.09600100 3.48392181
7.9448819 46.13800000 -92.18900300 45.59000000 -91.28099800 3.47573363
7.9448819 46.24800100 -92.30999800 45.41500100 -90.94599900 3.48637538
7.9448819 46.24800100 -92.30999800 45.59000000 -91.28099800 3.49443782
7.9448819 46.24800100 -92.30999800 45.53400000 -91.09600100 3.48437820
7.9448819 46.24800100 -92.30999800 45.69800200 -91.46099900 3.50684094
7.9448819 46.38999900 -92.55300100 45.77500200 -91.55600000 3.48239885
7.9448819 46.38999900 -92.55300100 45.83300000 -91.58499900 3.50404149
7.9448819 46.40000200 -92.65699800 45.83300000 -91.58499900 3.48301271
7.9448819 46.40000200 -92.65699800 45.87500000 -91.72399900 3.51390605
7.9448819 46.44599900 -92.68499800 45.87500000 -91.72399900 3.51029706
7.9448819 46.52700000 -92.83499900 45.87500000 -91.72399900 3.49944366
7.9448819 46.71699900 -93.12599900 46.01100200 -91.88900000 3.50974511
7.9448819 46.74900100 -93.21099900 46.07199900 -92.00099900 3.50808286
7.9448819 46.74900100 -93.21099900 46.12699900 -92.06800100 3.50552340
7.9448819 46.74900100 -93.21099900 46.01100200 -91.88900000 3.49457535
8.0944882 46.07199900 -92.00099900 45.53400000 -91.09600100 3.49416058
8.0944882 46.07199900 -92.00099900 45.41500100 -90.94599900 3.51460556
8.0944882 46.07199900 -92.00099900 45.59000000 -91.28099800 3.51575854
8.0944882 46.12699900 -92.06800100 45.53400000 -91.09600100 3.49930432
8.0944882 46.12699900 -92.06800100 45.41500100 -90.94599900 3.51060204
8.0944882 46.12699900 -92.06800100 45.59000000 -91.28099800 3.51095352
8.0944882 46.13800000 -92.18900300 45.69800200 -91.46099900 3.53200148
8.0944882 46.13800000 -92.18900300 45.41500100 -90.94599900 3.49361201
8.0944882 46.13800000 -92.18900300 45.53400000 -91.09600100 3.49008539
8.0944882 46.13800000 -92.18900300 45.59000000 -91.28099800 3.48213288
8.0944882 46.24800100 -92.30999800 45.41500100 -90.94599900 3.49100814
8.0944882 46.24800100 -92.30999800 45.59000000 -91.28099800 3.50044766
8.0944882 46.24800100 -92.30999800 45.53400000 -91.09600100 3.48917078
8.0944882 46.24800100 -92.30999800 45.69800200 -91.46099900 3.51023009
8.0944882 46.38999900 -92.55300100 45.77500200 -91.55600000 3.48893251
8.0944882 46.38999900 -92.55300100 45.83300000 -91.58499900 3.51053003
8.0944882 46.40000200 -92.65699800 45.83300000 -91.58499900 3.48917387
8.0944882 46.40000200 -92.65699800 45.87500000 -91.72399900 3.52017664
8.0944882 46.44599900 -92.68499800 45.87500000 -91.72399900 3.51677341
8.0944882 46.52700000 -92.83499900 45.87500000 -91.72399900 3.50651331
8.0944882 46.71699900 -93.12599900 46.01100200 -91.88900000 3.51545274
8.0944882 46.74900100 -93.21099900 46.07199900 -92.00099900 3.51268869
8.0944882 46.74900100 -93.21099900 46.12699900 -92.06800100 3.51204563
8.0944882 46.74900100 -93.21099900 46.01100200 -91.88900000 3.50022203
8.2440945 46.07199900 -92.00099900 45.53400000 -91.09600100 3.50160743
8.2440945 46.07199900 -92.00099900 45.41500100 -90.94599900 3.52146838
8.2440945 46.07199900 -92.00099900 45.59000000 -91.28099800 3.52509963
8.2440945 46.12699900 -92.06800100 45.53400000 -91.09600100 3.50425700
8.2440945 46.12699900 -92.06800100 45.41500100 -90.94599900 3.51753725
8.2440945 46.12699900 -92.06800100 45.59000000 -91.28099800 3.51833430
8.2440945 46.13800000 -92.18900300 45.41500100 -90.94599900 3.50004167
8.2440945 46.13800000 -92.18900300 45.53400000 -91.09600100 3.49619671
8.2440945 46.13800000 -92.18900300 45.59000000 -91.28099800 3.48863608
8.2440945 46.24800100 -92.30999800 45.41500100 -90.94599900 3.49569547
8.2440945 46.24800100 -92.30999800 45.59000000 -91.28099800 3.50633515
8.2440945 46.24800100 -92.30999800 45.53400000 -91.09600100 3.49403722
8.2440945 46.24800100 -92.30999800 45.69800200 -91.46099900 3.51362688
8.2440945 46.38999900 -92.55300100 45.77500200 -91.55600000 3.49540150
8.2440945 46.38999900 -92.55300100 45.83300000 -91.58499900 3.51699943
8.2440945 46.40000200 -92.65699800 45.83300000 -91.58499900 3.49532093
8.2440945 46.40000200 -92.65699800 45.87500000 -91.72399900 3.52642552
8.2440945 46.44599900 -92.68499800 45.87500000 -91.72399900 3.52333783
8.2440945 46.52700000 -92.83499900 45.87500000 -91.72399900 3.51434041
8.2440945 46.71699900 -93.12599900 46.01100200 -91.88900000 3.52111724
8.2440945 46.74900100 -93.21099900 46.07199900 -92.00099900 3.51742057
8.2440945 46.74900100 -93.21099900 46.12699900 -92.06800100 3.51847560
8.2440945 46.74900100 -93.21099900 46.01100200 -91.88900000 3.50619522
8.3937008 46.01100200 -91.88900000 45.41500100 -90.94599900 3.54447079
8.3937008 46.07199900 -92.00099900 45.53400000 -91.09600100 3.50922676
8.3937008 46.07199900 -92.00099900 45.41500100 -90.94599900 3.52946658
8.3937008 46.07199900 -92.00099900 45.59000000 -91.28099800 3.53409609
8.3937008 46.12699900 -92.06800100 45.53400000 -91.09600100 3.50937574
8.3937008 46.12699900 -92.06800100 45.41500100 -90.94599900 3.52449272
8.3937008 46.12699900 -92.06800100 45.59000000 -91.28099800 3.52589437
8.3937008 46.13800000 -92.18900300 45.69800200 -91.46099900 3.55359237
8.3937008 46.13800000 -92.18900300 45.41500100 -90.94599900 3.50644643
8.3937008 46.13800000 -92.18900300 45.53400000 -91.09600100 3.50226753
8.3937008 46.24800100 -92.30999800 45.59000000 -91.28099800 3.51209991
8.3937008 46.24800100 -92.30999800 45.69800200 -91.46099900 3.51709059
8.3937008 46.38999900 -92.55300100 45.77500200 -91.55600000 3.50180083
8.3937008 46.38999900 -92.55300100 45.83300000 -91.58499900 3.52343652
8.3937008 46.40000200 -92.65699800 45.83300000 -91.58499900 3.50146386
8.3937008 46.40000200 -92.65699800 45.87500000 -91.72399900 3.53266094
8.3937008 46.44599900 -92.68499800 45.87500000 -91.72399900 3.52995548
8.3937008 46.52700000 -92.83499900 45.87500000 -91.72399900 3.52109286
8.3937008 46.65700100 -93.03500400 46.01100200 -91.88900000 3.53835661
8.3937008 46.71699900 -93.12599900 46.07199900 -92.00099900 3.54318305
8.3937008 46.71699900 -93.12599900 46.01100200 -91.88900000 3.52669370
8.3937008 46.74900100 -93.21099900 46.07199900 -92.00099900 3.52223346
8.3937008 46.74900100 -93.21099900 46.12699900 -92.06800100 3.52481769
8.3937008 46.74900100 -93.21099900 46.01100200 -91.88900000 3.51147545
8.3937008 46.74900100 -93.21099900 46.13800000 -92.18900300 3.54246195
8.5433071 46.01100200 -91.88900000 45.41500100 -90.94599900 3.54988595
8.5433071 46.07199900 -92.00099900 45.53400000 -91.09600100 3.51700517
8.5433071 46.07199900 -92.00099900 45.41500100 -90.94599900 3.53568850
8.5433071 46.07199900 -92.00099900 45.59000000 -91.28099800 3.54431747
8.5433071 46.12699900 -92.06800100 45.53400000 -91.09600100 3.51468733
8.5433071 46.12699900 -92.06800100 45.41500100 -90.94599900 3.53144881
8.5433071 46.12699900 -92.06800100 45.59000000 -91.28099800 3.53362952
8.5433071 46.13800000 -92.18900300 45.41500100 -90.94599900 3.51280383
8.5433071 46.13800000 -92.18900300 45.53400000 -91.09600100 3.50831192
8.5433071 46.13800000 -92.18900300 45.59000000 -91.28099800 3.50208771
8.5433071 46.24800100 -92.30999800 45.59000000 -91.28099800 3.51773844
8.5433071 46.24800100 -92.30999800 45.69800200 -91.46099900 3.52068225
8.5433071 46.38999900 -92.55300100 45.77500200 -91.55600000 3.50812582
8.5433071 46.38999900 -92.55300100 45.83300000 -91.58499900 3.53054004
8.5433071 46.40000200 -92.65699800 45.83300000 -91.58499900 3.50761218
8.5433071 46.40000200 -92.65699800 45.87500000 -91.72399900 3.53889438
8.5433071 46.44599900 -92.68499800 45.87500000 -91.72399900 3.53659189
8.5433071 46.52700000 -92.83499900 45.87500000 -91.72399900 3.52771183
8.5433071 46.65700100 -93.03500400 46.01100200 -91.88900000 3.54509385
8.5433071 46.71699900 -93.12599900 46.07199900 -92.00099900 3.54929490
8.5433071 46.71699900 -93.12599900 46.01100200 -91.88900000 3.53245309
8.5433071 46.74900100 -93.21099900 46.07199900 -92.00099900 3.52708815
8.5433071 46.74900100 -93.21099900 46.12699900 -92.06800100 3.53166558
8.5433071 46.74900100 -93.21099900 46.01100200 -91.88900000 3.51656814
8.5433071 46.74900100 -93.21099900 46.13800000 -92.18900300 3.54771224
8.6929134 46.01100200 -91.88900000 45.41500100 -90.94599900 3.55540273
8.6929134 46.07199900 -92.00099900 45.53400000 -91.09600100 3.52492240
8.6929134 46.07199900 -92.00099900 45.41500100 -90.94599900 3.54167628
8.6929134 46.07199900 -92.00099900 45.59000000 -91.28099800 3.55246769
8.6929134 46.12699900 -92.06800100 45.53400000 -91.09600100 3.52021334
8.6929134 46.12699900 -92.06800100 45.41500100 -90.94599900 3.53838429
8.6929134 46.12699900 -92.06800100 45.59000000 -91.28099800 3.54151717
8.6929134 46.13800000 -92.18900300 45.41500100 -90.94599900 3.51992414
8.6929134 46.13800000 -92.18900300 45.53400000 -91.09600100 3.51434553
8.6929134 46.13800000 -92.18900300 45.59000000 -91.28099800 3.50909959
8.6929134 46.24800100 -92.30999800 45.59000000 -91.28099800 3.52324591
8.6929134 46.24800100 -92.30999800 45.69800200 -91.46099900 3.52450877
8.6929134 46.38999900 -92.55300100 45.77500200 -91.55600000 3.51525802
8.6929134 46.38999900 -92.55300100 45.83300000 -91.58499900 3.53687181
8.6929134 46.40000200 -92.65699800 45.83300000 -91.58499900 3.51377556
8.6929134 46.40000200 -92.65699800 45.87500000 -91.72399900 3.54513816
8.6929134 46.44599900 -92.68499800 45.87500000 -91.72399900 3.54321649
8.6929134 46.52700000 -92.83499900 45.87500000 -91.72399900 3.53420383
8.6929134 46.65700100 -93.03500400 46.01100200 -91.88900000 3.55177926
8.6929134 46.71699900 -93.12599900 46.07199900 -92.00099900 3.55534052
8.6929134 46.71699900 -93.12599900 46.01100200 -91.88900000 3.53769309
8.6929134 46.74900100 -93.21099900 46.07199900 -92.00099900 3.53195374
8.6929134 46.74900100 -93.21099900 46.12699900 -92.06800100 3.53779745
8.6929134 46.74900100 -93.21099900 46.01100200 -91.88900000 3.52146883
8.6929134 46.74900100 -93.21099900 46.13800000 -92.18900300 3.55280216
8.8425197 46.01100200 -91.88900000 45.53400000 -91.09600100 3.57559282
8.8425197 46.01100200 -91.88900000 45.41500100 -90.94599900 3.56105546
8.8425197 46.07199900 -92.00099900 45.53400000 -91.09600100 3.53295189
8.8425197 46.07199900 -92.00099900 45.41500100 -90.94599900 3.54746720
8.8425197 46.07199900 -92.00099900 45.59000000 -91.28099800 3.56025071
8.8425197 46.12699900 -92.06800100 45.53400000 -91.09600100 3.52596231
8.8425197 46.12699900 -92.06800100 45.41500100 -90.94599900 3.54527844
8.8425197 46.12699900 -92.06800100 45.59000000 -91.28099800 3.54951997
8.8425197 46.13800000 -92.18900300 45.69800200 -91.46099900 3.58082479
8.8425197 46.24800100 -92.30999800 45.59000000 -91.28099800 3.52861850
8.8425197 46.24800100 -92.30999800 45.69800200 -91.46099900 3.52864776
8.8425197 46.38999900 -92.55300100 45.83300000 -91.58499900 3.54315999
8.8425197 46.38999900 -92.55300100 45.87500000 -91.72399900 3.57647411
8.8425197 46.40000200 -92.65699800 45.87500000 -91.72399900 3.55140314
8.8425197 46.44599900 -92.68499800 45.87500000 -91.72399900 3.54980476
8.8425197 46.52700000 -92.83499900 45.87500000 -91.72399900 3.54058287
8.8425197 46.61000100 -92.91999800 46.01100200 -91.88900000 3.57444082
8.8425197 46.65700100 -93.03500400 46.01100200 -91.88900000 3.55840065
8.8425197 46.71699900 -93.12599900 46.12699900 -92.06800100 3.57056734
8.8425197 46.71699900 -93.12599900 46.07199900 -92.00099900 3.56132991
8.8425197 46.71699900 -93.12599900 46.01100200 -91.88900000 3.54274990
8.8425197 46.74900100 -93.21099900 46.07199900 -92.00099900 3.53680905
8.8425197 46.74900100 -93.21099900 46.12699900 -92.06800100 3.54391518
8.8425197 46.74900100 -93.21099900 46.13800000 -92.18900300 3.55773581
8.8425197 46.74900100 -93.21099900 46.24800100 -92.30999800 3.57033569
8.992126 46.01100200 -91.88900000 45.41500100 -90.94599900 3.56687360
8.992126 46.07199900 -92.00099900 45.53400000 -91.09600100 3.54106175
8.992126 46.07199900 -92.00099900 45.41500100 -90.94599900 3.55408438
8.992126 46.07199900 -92.00099900 45.59000000 -91.28099800 3.56770898
8.992126 46.12699900 -92.06800100 45.53400000 -91.09600100 3.53204794
8.992126 46.12699900 -92.06800100 45.41500100 -90.94599900 3.55211312
8.992126 46.12699900 -92.06800100 45.59000000 -91.28099800 3.55759065
8.992126 46.13800000 -92.18900300 45.41500100 -90.94599900 3.53218603
8.992126 46.13800000 -92.18900300 45.53400000 -91.09600100 3.52644686
8.992126 46.13800000 -92.18900300 45.59000000 -91.28099800 3.52356870
8.992126 46.24800100 -92.30999800 45.59000000 -91.28099800 3.53558354
8.992126 46.24800100 -92.30999800 45.69800200 -91.46099900 3.53305617
8.992126 46.38999900 -92.55300100 45.77500200 -91.55600000 3.52747968
8.992126 46.38999900 -92.55300100 45.83300000 -91.58499900 3.54939577
8.992126 46.40000200 -92.65699800 45.83300000 -91.58499900 3.52618900
8.992126 46.40000200 -92.65699800 45.87500000 -91.72399900 3.55769655
8.992126 46.44599900 -92.68499800 45.87500000 -91.72399900 3.55633931
8.992126 46.52700000 -92.83499900 45.87500000 -91.72399900 3.54686747
8.992126 46.65700100 -93.03500400 46.01100200 -91.88900000 3.56495057
8.992126 46.71699900 -93.12599900 46.07199900 -92.00099900 3.56727141
8.992126 46.71699900 -93.12599900 46.01100200 -91.88900000 3.54760464
8.992126 46.74900100 -93.21099900 46.07199900 -92.00099900 3.54164329
8.992126 46.74900100 -93.21099900 46.12699900 -92.06800100 3.55004425
8.992126 46.74900100 -93.21099900 46.01100200 -91.88900000 3.53136715
8.992126 46.74900100 -93.21099900 46.13800000 -92.18900300 3.56252181
8.992126 46.74900100 -93.21099900 46.24800100 -92.30999800 3.57653821
9.1417323 46.01100200 -91.88900000 45.53400000 -91.09600100 3.58862913
9.1417323 46.01100200 -91.88900000 45.41500100 -90.94599900 3.57288028
9.1417323 46.07199900 -92.00099900 45.53400000 -91.09600100 3.54921627
9.1417323 46.07199900 -92.00099900 45.41500100 -90.94599900 3.55949174
9.1417323 46.07199900 -92.00099900 45.59000000 -91.28099800 3.57588877
9.1417323 46.12699900 -92.06800100 45.53400000 -91.09600100 3.53834803
9.1417323 46.12699900 -92.06800100 45.41500100 -90.94599900 3.55887448
9.1417323 46.12699900 -92.06800100 45.59000000 -91.28099800 3.56567798
9.1417323 46.13800000 -92.18900300 45.69800200 -91.46099900 3.59639046
9.1417323 46.24800100 -92.30999800 45.59000000 -91.28099800 3.54062220
9.1417323 46.24800100 -92.30999800 45.69800200 -91.46099900 3.53777581
9.1417323 46.38999900 -92.55300100 45.83300000 -91.58499900 3.55556962
9.1417323 46.38999900 -92.55300100 45.87500000 -91.72399900 3.58871351
9.1417323 46.40000200 -92.65699800 45.87500000 -91.72399900 3.56402079
9.1417323 46.44599900 -92.68499800 45.87500000 -91.72399900 3.56280968
9.1417323 46.52700000 -92.83499900 45.87500000 -91.72399900 3.55307805
9.1417323 46.61000100 -92.91999800 46.01100200 -91.88900000 3.58457882
9.1417323 46.65700100 -93.03500400 46.12699900 -92.06800100 3.59222554
9.1417323 46.65700100 -93.03500400 46.01100200 -91.88900000 3.57186393
9.1417323 46.71699900 -93.12599900 46.12699900 -92.06800100 3.58015735
9.1417323 46.71699900 -93.12599900 46.13800000 -92.18900300 3.59225071
9.1417323 46.71699900 -93.12599900 46.07199900 -92.00099900 3.57317077
9.1417323 46.71699900 -93.12599900 46.01100200 -91.88900000 3.55225257
9.1417323 46.74900100 -93.21099900 46.07199900 -92.00099900 3.54645566
9.1417323 46.74900100 -93.21099900 46.12699900 -92.06800100 3.55620737
9.1417323 46.74900100 -93.21099900 46.13800000 -92.18900300 3.56717192
9.1417323 46.74900100 -93.21099900 46.24800100 -92.30999800 3.58303293
9.2913386 46.01100200 -91.88900000 45.53400000 -91.09600100 3.59499037
9.2913386 46.01100200 -91.88900000 45.41500100 -90.94599900 3.57909107
9.2913386 46.07199900 -92.00099900 45.53400000 -91.09600100 3.55737759
9.2913386 46.07199900 -92.00099900 45.41500100 -90.94599900 3.56483783
9.2913386 46.07199900 -92.00099900 45.59000000 -91.28099800 3.58268358
9.2913386 46.12699900 -92.06800100 45.53400000 -91.09600100 3.54485959
9.2913386 46.12699900 -92.06800100 45.41500100 -90.94599900 3.56641959
9.2913386 46.12699900 -92.06800100 45.59000000 -91.28099800 3.57373232
9.2913386 46.13800000 -92.18900300 45.69800200 -91.46099900 3.60287002
9.2913386 46.13800000 -92.18900300 45.41500100 -90.94599900 3.54397390
9.2913386 46.13800000 -92.18900300 45.59000000 -91.28099800 3.53916012
9.2913386 46.24800100 -92.30999800 45.59000000 -91.28099800 3.54552963
9.2913386 46.24800100 -92.30999800 45.69800200 -91.46099900 3.54311564
9.2913386 46.38999900 -92.55300100 45.77500200 -91.55600000 3.53938038
9.2913386 46.38999900 -92.55300100 45.83300000 -91.58499900 3.56167106
9.2913386 46.38999900 -92.55300100 45.87500000 -91.72399900 3.59477538
9.2913386 46.40000200 -92.65699800 45.87500000 -91.72399900 3.57037267
9.2913386 46.44599900 -92.68499800 45.87500000 -91.72399900 3.56921168
9.2913386 46.52700000 -92.83499900 45.87500000 -91.72399900 3.55923483
9.2913386 46.61000100 -92.91999800 46.01100200 -91.88900000 3.59078671
9.2913386 46.65700100 -93.03500400 46.01100200 -91.88900000 3.57824169
9.2913386 46.71699900 -93.12599900 46.12699900 -92.06800100 3.58476181
9.2913386 46.71699900 -93.12599900 46.07199900 -92.00099900 3.57903077
9.2913386 46.71699900 -93.12599900 46.01100200 -91.88900000 3.55695039
9.2913386 46.74900100 -93.21099900 46.07199900 -92.00099900 3.55125451
9.2913386 46.74900100 -93.21099900 46.12699900 -92.06800100 3.56242226
9.2913386 46.74900100 -93.21099900 46.13800000 -92.18900300 3.57286972
9.2913386 46.74900100 -93.21099900 46.24800100 -92.30999800 3.59044784
9.4409449 46.01100200 -91.88900000 45.53400000 -91.09600100 3.60126058
9.4409449 46.01100200 -91.88900000 45.41500100 -90.94599900 3.58525606
9.4409449 46.07199900 -92.00099900 45.53400000 -91.09600100 3.56550758
9.4409449 46.07199900 -92.00099900 45.41500100 -90.94599900 3.57016859
9.4409449 46.07199900 -92.00099900 45.59000000 -91.28099800 3.58936076
9.4409449 46.12699900 -92.06800100 45.53400000 -91.09600100 3.55157374
9.4409449 46.12699900 -92.06800100 45.41500100 -90.94599900 3.57296569
9.4409449 46.12699900 -92.06800100 45.59000000 -91.28099800 3.58171083
9.4409449 46.13800000 -92.18900300 45.41500100 -90.94599900 3.54967899
9.4409449 46.13800000 -92.18900300 45.53400000 -91.09600100 3.54492858
9.4409449 46.13800000 -92.18900300 45.59000000 -91.28099800 3.54723649
9.4409449 46.24800100 -92.30999800 45.59000000 -91.28099800 3.55032512
9.4409449 46.24800100 -92.30999800 45.69800200 -91.46099900 3.54856514
9.4409449 46.38999900 -92.55300100 45.77500200 -91.55600000 3.54520262
9.4409449 46.38999900 -92.55300100 45.83300000 -91.58499900 3.56768868
9.4409449 46.38999900 -92.55300100 45.87500000 -91.72399900 3.60079729
9.4409449 46.40000200 -92.65699800 45.83300000 -91.58499900 3.54518438
9.4409449 46.40000200 -92.65699800 45.87500000 -91.72399900 3.57674374
9.4409449 46.44599900 -92.68499800 45.87500000 -91.72399900 3.57634816
9.4409449 46.52700000 -92.83499900 45.87500000 -91.72399900 3.56535630
9.4409449 46.61000100 -92.91999800 46.01100200 -91.88900000 3.59556160
9.4409449 46.65700100 -93.03500400 46.01100200 -91.88900000 3.58455699
9.4409449 46.71699900 -93.12599900 46.12699900 -92.06800100 3.58924252
9.4409449 46.71699900 -93.12599900 46.07199900 -92.00099900 3.58485086
9.4409449 46.71699900 -93.12599900 46.01100200 -91.88900000 3.56122103
9.4409449 46.74900100 -93.21099900 46.07199900 -92.00099900 3.55605566
9.4409449 46.74900100 -93.21099900 46.12699900 -92.06800100 3.56827773
9.4409449 46.74900100 -93.21099900 46.01100200 -91.88900000 3.54402756
9.4409449 46.74900100 -93.21099900 46.13800000 -92.18900300 3.57721150
9.4409449 46.74900100 -93.21099900 46.24800100 -92.30999800 3.59766791
9.5905512 46.01100200 -91.88900000 45.53400000 -91.09600100 3.60745729
9.5905512 46.01100200 -91.88900000 45.41500100 -90.94599900 3.59186937
9.5905512 46.07199900 -92.00099900 45.53400000 -91.09600100 3.57356979
9.5905512 46.07199900 -92.00099900 45.41500100 -90.94599900 3.57496256
9.5905512 46.07199900 -92.00099900 45.59000000 -91.28099800 3.59601071
9.5905512 46.12699900 -92.06800100 45.53400000 -91.09600100 3.55847602
9.5905512 46.12699900 -92.06800100 45.41500100 -90.94599900 3.57942385
9.5905512 46.12699900 -92.06800100 45.59000000 -91.28099800 3.58958113
9.5905512 46.13800000 -92.18900300 45.41500100 -90.94599900 3.55592022
9.5905512 46.13800000 -92.18900300 45.53400000 -91.09600100 3.55123590
9.5905512 46.13800000 -92.18900300 45.59000000 -91.28099800 3.55546296
9.5905512 46.24800100 -92.30999800 45.59000000 -91.28099800 3.55503554
9.5905512 46.24800100 -92.30999800 45.69800200 -91.46099900 3.55437504
9.5905512 46.38999900 -92.55300100 45.77500200 -91.55600000 3.55093820
9.5905512 46.38999900 -92.55300100 45.83300000 -91.58499900 3.57361076
9.5905512 46.38999900 -92.55300100 45.87500000 -91.72399900 3.60678332
9.5905512 46.40000200 -92.65699800 45.83300000 -91.58499900 3.55164999
9.5905512 46.40000200 -92.65699800 45.87500000 -91.72399900 3.58406060
9.5905512 46.44599900 -92.68499800 45.87500000 -91.72399900 3.58257692
9.5905512 46.52700000 -92.83499900 45.87500000 -91.72399900 3.57145816
9.5905512 46.61000100 -92.91999800 46.01100200 -91.88900000 3.60030351
9.5905512 46.65700100 -93.03500400 46.01100200 -91.88900000 3.59081219
9.5905512 46.71699900 -93.12599900 46.12699900 -92.06800100 3.59445865
9.5905512 46.71699900 -93.12599900 46.13800000 -92.18900300 3.60448136
9.5905512 46.71699900 -93.12599900 46.07199900 -92.00099900 3.59062748
9.5905512 46.71699900 -93.12599900 46.01100200 -91.88900000 3.56535612
9.5905512 46.74900100 -93.21099900 46.07199900 -92.00099900 3.56088062
9.5905512 46.74900100 -93.21099900 46.12699900 -92.06800100 3.57458392
9.5905512 46.74900100 -93.21099900 46.13800000 -92.18900300 3.58145192
9.5905512 46.74900100 -93.21099900 46.24800100 -92.30999800 3.60524079
9.7401575 46.01100200 -91.88900000 45.53400000 -91.09600100 3.61360402
9.7401575 46.01100200 -91.88900000 45.41500100 -90.94599900 3.59867181
9.7401575 46.07199900 -92.00099900 45.53400000 -91.09600100 3.58153124
9.7401575 46.07199900 -92.00099900 45.41500100 -90.94599900 3.58047380
9.7401575 46.12699900 -92.06800100 45.53400000 -91.09600100 3.56566122
9.7401575 46.12699900 -92.06800100 45.41500100 -90.94599900 3.58580560
9.7401575 46.12699900 -92.06800100 45.59000000 -91.28099800 3.59732371
9.7401575 46.13800000 -92.18900300 45.41500100 -90.94599900 3.56133990
9.7401575 46.13800000 -92.18900300 45.53400000 -91.09600100 3.55763655
9.7401575 46.13800000 -92.18900300 45.59000000 -91.28099800 3.56380067
9.7401575 46.24800100 -92.30999800 45.59000000 -91.28099800 3.55969437
9.7401575 46.24800100 -92.30999800 45.69800200 -91.46099900 3.56076680
9.7401575 46.38999900 -92.55300100 45.77500200 -91.55600000 3.55658839
9.7401575 46.38999900 -92.55300100 45.83300000 -91.58499900 3.57942599
9.7401575 46.38999900 -92.55300100 45.87500000 -91.72399900 3.61274291
9.7401575 46.40000200 -92.65699800 45.83300000 -91.58499900 3.55818818
9.7401575 46.40000200 -92.65699800 45.87500000 -91.72399900 3.59045168
9.7401575 46.44599900 -92.68499800 45.87500000 -91.72399900 3.58874761
9.7401575 46.52700000 -92.83499900 45.87500000 -91.72399900 3.57755295
9.7401575 46.61000100 -92.91999800 46.01100200 -91.88900000 3.60403006
9.7401575 46.65700100 -93.03500400 46.07199900 -92.00099900 3.61085542
9.7401575 46.65700100 -93.03500400 46.12699900 -92.06800100 3.61139527
9.7401575 46.65700100 -93.03500400 46.01100200 -91.88900000 3.59700998
9.7401575 46.71699900 -93.12599900 46.12699900 -92.06800100 3.59866644
9.7401575 46.71699900 -93.12599900 46.13800000 -92.18900300 3.60865052
9.7401575 46.71699900 -93.12599900 46.07199900 -92.00099900 3.59635477
9.7401575 46.71699900 -93.12599900 46.01100200 -91.88900000 3.56939993
9.7401575 46.74900100 -93.21099900 46.07199900 -92.00099900 3.56575429
9.7401575 46.74900100 -93.21099900 46.12699900 -92.06800100 3.58094377
9.7401575 46.74900100 -93.21099900 46.13800000 -92.18900300 3.58560984
9.7401575 46.74900100 -93.21099900 46.24800100 -92.30999800 3.61367064
9.8897638 46.01100200 -91.88900000 45.53400000 -91.09600100 3.61972990
9.8897638 46.01100200 -91.88900000 45.41500100 -90.94599900 3.60564968
9.8897638 46.07199900 -92.00099900 45.53400000 -91.09600100 3.59030828
9.8897638 46.07199900 -92.00099900 45.41500100 -90.94599900 3.58608340
9.8897638 46.12699900 -92.06800100 45.53400000 -91.09600100 3.57282939
9.8897638 46.12699900 -92.06800100 45.41500100 -90.94599900 3.59212789
9.8897638 46.12699900 -92.06800100 45.59000000 -91.28099800 3.60493280
9.8897638 46.13800000 -92.18900300 45.41500100 -90.94599900 3.56666419
9.8897638 46.13800000 -92.18900300 45.53400000 -91.09600100 3.56413935
9.8897638 46.13800000 -92.18900300 45.59000000 -91.28099800 3.57220518
9.8897638 46.24800100 -92.30999800 45.59000000 -91.28099800 3.56434001
9.8897638 46.24800100 -92.30999800 45.69800200 -91.46099900 3.56728360
9.8897638 46.38999900 -92.55300100 45.77500200 -91.55600000 3.56215654
9.8897638 46.38999900 -92.55300100 45.83300000 -91.58499900 3.58512451
9.8897638 46.38999900 -92.55300100 45.87500000 -91.72399900 3.61869144
9.8897638 46.40000200 -92.65699800 45.83300000 -91.58499900 3.56479594
9.8897638 46.40000200 -92.65699800 45.87500000 -91.72399900 3.59680227
9.8897638 46.44599900 -92.68499800 45.87500000 -91.72399900 3.59486809
9.8897638 46.52700000 -92.83499900 45.87500000 -91.72399900 3.58364982
9.8897638 46.61000100 -92.91999800 46.01100200 -91.88900000 3.60891173
9.8897638 46.65700100 -93.03500400 46.07199900 -92.00099900 3.61481273
9.8897638 46.65700100 -93.03500400 46.12699900 -92.06800100 3.61729863
9.8897638 46.65700100 -93.03500400 46.01100200 -91.88900000 3.60315320
9.8897638 46.71699900 -93.12599900 46.12699900 -92.06800100 3.60278044
9.8897638 46.71699900 -93.12599900 46.13800000 -92.18900300 3.61297528
9.8897638 46.71699900 -93.12599900 46.07199900 -92.00099900 3.60202530
9.8897638 46.71699900 -93.12599900 46.01100200 -91.88900000 3.57340252
9.8897638 46.74900100 -93.21099900 46.07199900 -92.00099900 3.57070278
9.8897638 46.74900100 -93.21099900 46.12699900 -92.06800100 3.58735173
9.8897638 46.74900100 -93.21099900 46.13800000 -92.18900300 3.58970546
9.8897638 46.74900100 -93.21099900 46.24800100 -92.30999800 3.62190568
10.03937 46.01100200 -91.88900000 45.53400000 -91.09600100 3.62586869
10.03937 46.01100200 -91.88900000 45.41500100 -90.94599900 3.61278345
10.03937 46.07199900 -92.00099900 45.53400000 -91.09600100 3.59797031
10.03937 46.07199900 -92.00099900 45.41500100 -90.94599900 3.59182518
10.03937 46.12699900 -92.06800100 45.53400000 -91.09600100 3.58010448
10.03937 46.12699900 -92.06800100 45.41500100 -90.94599900 3.59841180
10.03937 46.12699900 -92.06800100 45.59000000 -91.28099800 3.61241587
10.03937 46.13800000 -92.18900300 45.41500100 -90.94599900 3.57191517
10.03937 46.13800000 -92.18900300 45.53400000 -91.09600100 3.57075060
10.03937 46.13800000 -92.18900300 45.59000000 -91.28099800 3.58062973
10.03937 46.24800100 -92.30999800 45.59000000 -91.28099800 3.56901398
10.03937 46.24800100 -92.30999800 45.69800200 -91.46099900 3.57414247
10.03937 46.38999900 -92.55300100 45.77500200 -91.55600000 3.56853205
10.03937 46.38999900 -92.55300100 45.83300000 -91.58499900 3.59150441
10.03937 46.38999900 -92.55300100 45.87500000 -91.72399900 3.62464967
10.03937 46.40000200 -92.65699800 45.83300000 -91.58499900 3.57146543
10.03937 46.40000200 -92.65699800 45.87500000 -91.72399900 3.60309270
10.03937 46.44599900 -92.68499800 45.87500000 -91.72399900 3.60094628
10.03937 46.52700000 -92.83499900 45.87500000 -91.72399900 3.58975484
10.03937 46.61000100 -92.91999800 46.01100200 -91.88900000 3.61386244
10.03937 46.65700100 -93.03500400 46.07199900 -92.00099900 3.61884566
10.03937 46.65700100 -93.03500400 46.12699900 -92.06800100 3.62256630
10.03937 46.65700100 -93.03500400 46.01100200 -91.88900000 3.60924469
10.03937 46.71699900 -93.12599900 46.12699900 -92.06800100 3.60682125
10.03937 46.71699900 -93.12599900 46.13800000 -92.18900300 3.61751713
10.03937 46.71699900 -93.12599900 46.07199900 -92.00099900 3.60837894
10.03937 46.71699900 -93.12599900 46.01100200 -91.88900000 3.57741644
10.03937 46.74900100 -93.21099900 46.07199900 -92.00099900 3.57575120
10.03937 46.74900100 -93.21099900 46.12699900 -92.06800100 3.59379630
10.03937 46.74900100 -93.21099900 46.13800000 -92.18900300 3.59376060
10.188976 46.01100200 -91.88900000 45.41500100 -90.94599900 3.62004931
10.188976 46.07199900 -92.00099900 45.53400000 -91.09600100 3.60545024
10.188976 46.07199900 -92.00099900 45.41500100 -90.94599900 3.59772781
10.188976 46.12699900 -92.06800100 45.53400000 -91.09600100 3.58746259
10.188976 46.12699900 -92.06800100 45.41500100 -90.94599900 3.60468120
10.188976 46.12699900 -92.06800100 45.59000000 -91.28099800 3.61979218
10.188976 46.13800000 -92.18900300 45.41500100 -90.94599900 3.57711794
10.188976 46.13800000 -92.18900300 45.53400000 -91.09600100 3.57747374
10.188976 46.13800000 -92.18900300 45.59000000 -91.28099800 3.58902861
10.188976 46.24800100 -92.30999800 45.59000000 -91.28099800 3.57375887
10.188976 46.24800100 -92.30999800 45.69800200 -91.46099900 3.58132798
10.188976 46.38999900 -92.55300100 45.77500200 -91.55600000 3.57392226
10.188976 46.38999900 -92.55300100 45.83300000 -91.58499900 3.59691342
10.188976 46.38999900 -92.55300100 45.87500000 -91.72399900 3.63064330
10.188976 46.40000200 -92.65699800 45.83300000 -91.58499900 3.57818412
10.188976 46.40000200 -92.65699800 45.87500000 -91.72399900 3.60930642
10.188976 46.44599900 -92.68499800 45.83300000 -91.58499900 3.57141952
10.188976 46.44599900 -92.68499800 45.87500000 -91.72399900 3.60698972
10.188976 46.52700000 -92.83499900 45.87500000 -91.72399900 3.59587130
10.188976 46.61000100 -92.91999800 46.01100200 -91.88900000 3.61890788
10.188976 46.65700100 -93.03500400 46.07199900 -92.00099900 3.62298043
10.188976 46.65700100 -93.03500400 46.12699900 -92.06800100 3.62802467
10.188976 46.65700100 -93.03500400 46.01100200 -91.88900000 3.61528729
10.188976 46.71699900 -93.12599900 46.12699900 -92.06800100 3.61081257
10.188976 46.71699900 -93.12599900 46.13800000 -92.18900300 3.62225738
10.188976 46.71699900 -93.12599900 46.07199900 -92.00099900 3.61388742
10.188976 46.71699900 -93.12599900 46.01100200 -91.88900000 3.58128200
10.188976 46.74900100 -93.21099900 46.07199900 -92.00099900 3.58088554
10.188976 46.74900100 -93.21099900 46.12699900 -92.06800100 3.60092080
10.188976 46.74900100 -93.21099900 46.13800000 -92.18900300 3.59779877
10.338583 46.01100200 -91.88900000 45.41500100 -90.94599900 3.62742093
10.338583 46.07199900 -92.00099900 45.53400000 -91.09600100 3.61273950
10.338583 46.07199900 -92.00099900 45.41500100 -90.94599900 3.60381409
10.338583 46.12699900 -92.06800100 45.53400000 -91.09600100 3.59487941
10.338583 46.12699900 -92.06800100 45.41500100 -90.94599900 3.61096112
10.338583 46.12699900 -92.06800100 45.59000000 -91.28099800 3.62709086
10.338583 46.13800000 -92.18900300 45.41500100 -90.94599900 3.58229948
10.338583 46.13800000 -92.18900300 45.53400000 -91.09600100 3.58430934
10.338583 46.13800000 -92.18900300 45.59000000 -91.28099800 3.59736025
10.338583 46.24800100 -92.30999800 45.59000000 -91.28099800 3.57786329
10.338583 46.24800100 -92.30999800 45.69800200 -91.46099900 3.58889219
10.338583 46.38999900 -92.55300100 45.77500200 -91.55600000 3.57923679
10.338583 46.38999900 -92.55300100 45.83300000 -91.58499900 3.60217427
10.338583 46.38999900 -92.55300100 45.87500000 -91.72399900 3.63670162
10.338583 46.40000200 -92.65699800 45.83300000 -91.58499900 3.58493559
10.338583 46.40000200 -92.65699800 45.87500000 -91.72399900 3.61543134
10.338583 46.44599900 -92.68499800 45.83300000 -91.58499900 3.57870818
10.338583 46.44599900 -92.68499800 45.87500000 -91.72399900 3.61300538
10.338583 46.52700000 -92.83499900 45.87500000 -91.72399900 3.60200027
10.338583 46.61000100 -92.91999800 46.01100200 -91.88900000 3.62406973
10.338583 46.65700100 -93.03500400 46.07199900 -92.00099900 3.62724995
10.338583 46.65700100 -93.03500400 46.12699900 -92.06800100 3.63369589
10.338583 46.65700100 -93.03500400 46.01100200 -91.88900000 3.62128380
10.338583 46.71699900 -93.12599900 46.12699900 -92.06800100 3.61478042
10.338583 46.71699900 -93.12599900 46.13800000 -92.18900300 3.62741318
10.338583 46.71699900 -93.12599900 46.07199900 -92.00099900 3.61930981
10.338583 46.71699900 -93.12599900 46.01100200 -91.88900000 3.58547554
10.338583 46.74900100 -93.21099900 46.07199900 -92.00099900 3.58618179
10.338583 46.74900100 -93.21099900 46.12699900 -92.06800100 3.60742072
10.338583 46.74900100 -93.21099900 46.13800000 -92.18900300 3.60184513
10.488189 46.01100200 -91.88900000 45.41500100 -90.94599900 3.63487135
10.488189 46.07199900 -92.00099900 45.53400000 -91.09600100 3.61983675
10.488189 46.07199900 -92.00099900 45.41500100 -90.94599900 3.60983836
10.488189 46.12699900 -92.06800100 45.53400000 -91.09600100 3.60233135
10.488189 46.12699900 -92.06800100 45.41500100 -90.94599900 3.61727651
10.488189 46.12699900 -92.06800100 45.59000000 -91.28099800 3.63434848
10.488189 46.13800000 -92.18900300 45.41500100 -90.94599900 3.58748755
10.488189 46.13800000 -92.18900300 45.53400000 -91.09600100 3.59125485
10.488189 46.13800000 -92.18900300 45.59000000 -91.28099800 3.60558960
10.488189 46.24800100 -92.30999800 45.59000000 -91.28099800 3.58300515
10.488189 46.24800100 -92.30999800 45.69800200 -91.46099900 3.59664897
10.488189 46.38999900 -92.55300100 45.77500200 -91.55600000 3.58448421
10.488189 46.38999900 -92.55300100 45.83300000 -91.58499900 3.60728959
10.488189 46.38999900 -92.55300100 45.87500000 -91.72399900 3.64285642
10.488189 46.40000200 -92.65699800 45.83300000 -91.58499900 3.59170034
10.488189 46.40000200 -92.65699800 45.87500000 -91.72399900 3.62146070
10.488189 46.44599900 -92.68499800 45.83300000 -91.58499900 3.58599600
10.488189 46.44599900 -92.68499800 45.87500000 -91.72399900 3.61899976
10.488189 46.52700000 -92.83499900 45.87500000 -91.72399900 3.60910492
10.488189 46.61000100 -92.91999800 46.01100200 -91.88900000 3.62936570
10.488189 46.65700100 -93.03500400 46.07199900 -92.00099900 3.63172917
10.488189 46.65700100 -93.03500400 46.12699900 -92.06800100 3.63959773
10.488189 46.65700100 -93.03500400 46.01100200 -91.88900000 3.62723701
10.488189 46.71699900 -93.12599900 46.12699900 -92.06800100 3.61875240
10.488189 46.71699900 -93.12599900 46.13800000 -92.18900300 3.63279678
10.488189 46.71699900 -93.12599900 46.07199900 -92.00099900 3.62464160
10.488189 46.71699900 -93.12599900 46.01100200 -91.88900000 3.58982119
10.488189 46.74900100 -93.21099900 46.07199900 -92.00099900 3.59162048
10.488189 46.74900100 -93.21099900 46.12699900 -92.06800100 3.61388539
10.488189 46.74900100 -93.21099900 46.13800000 -92.18900300 3.60592646
10.637795 46.01100200 -91.88900000 45.41500100 -90.94599900 3.64237469
10.637795 46.07199900 -92.00099900 45.53400000 -91.09600100 3.62747147
10.637795 46.07199900 -92.00099900 45.41500100 -90.94599900 3.61636557
10.637795 46.12699900 -92.06800100 45.53400000 -91.09600100 3.60979668
10.637795 46.12699900 -92.06800100 45.41500100 -90.94599900 3.62365076
10.637795 46.12699900 -92.06800100 45.59000000 -91.28099800 3.64160660
10.637795 46.13800000 -92.18900300 45.41500100 -90.94599900 3.59270976
10.637795 46.13800000 -92.18900300 45.53400000 -91.09600100 3.59844202
10.637795 46.13800000 -92.18900300 45.59000000 -91.28099800 3.61452188
10.637795 46.24800100 -92.30999800 45.59000000 -91.28099800 3.58833100
10.637795 46.24800100 -92.30999800 45.69800200 -91.46099900 3.60466960
10.637795 46.38999900 -92.55300100 45.77500200 -91.55600000 3.58967452
10.637795 46.38999900 -92.55300100 45.83300000 -91.58499900 3.61226676
10.637795 46.38999900 -92.55300100 45.87500000 -91.72399900 3.64914055
10.637795 46.40000200 -92.65699800 45.83300000 -91.58499900 3.59845714
10.637795 46.40000200 -92.65699800 45.87500000 -91.72399900 3.62739320
10.637795 46.44599900 -92.68499800 45.83300000 -91.58499900 3.59327202
10.637795 46.44599900 -92.68499800 45.87500000 -91.72399900 3.62497895
10.637795 46.52700000 -92.83499900 45.87500000 -91.72399900 3.61526200
10.637795 46.61000100 -92.91999800 46.01100200 -91.88900000 3.63480935
10.637795 46.65700100 -93.03500400 46.07199900 -92.00099900 3.63637635
10.637795 46.65700100 -93.03500400 46.12699900 -92.06800100 3.64617066
10.637795 46.65700100 -93.03500400 46.01100200 -91.88900000 3.63314980
10.637795 46.71699900 -93.12599900 46.12699900 -92.06800100 3.62275677
10.637795 46.71699900 -93.12599900 46.13800000 -92.18900300 3.63871488
10.637795 46.71699900 -93.12599900 46.07199900 -92.00099900 3.62988151
10.637795 46.71699900 -93.12599900 46.01100200 -91.88900000 3.59435201
10.637795 46.74900100 -93.21099900 46.07199900 -92.00099900 3.59720842
10.637795 46.74900100 -93.21099900 46.12699900 -92.06800100 3.62029072
10.637795 46.74900100 -93.21099900 46.13800000 -92.18900300 3.61005539
10.787402 46.07199900 -92.00099900 45.53400000 -91.09600100 3.63411073
10.787402 46.07199900 -92.00099900 45.41500100 -90.94599900 3.62310055
10.787402 46.12699900 -92.06800100 45.53400000 -91.09600100 3.61751670
10.787402 46.12699900 -92.06800100 45.41500100 -90.94599900 3.63010451
10.787402 46.13800000 -92.18900300 45.41500100 -90.94599900 3.59785901
10.787402 46.13800000 -92.18900300 45.53400000 -91.09600100 3.60555492
10.787402 46.13800000 -92.18900300 45.59000000 -91.28099800 3.62245449
10.787402 46.24800100 -92.30999800 45.41500100 -90.94599900 3.58179453
10.787402 46.24800100 -92.30999800 45.59000000 -91.28099800 3.59386847
10.787402 46.24800100 -92.30999800 45.53400000 -91.09600100 3.57829042
10.787402 46.24800100 -92.30999800 45.69800200 -91.46099900 3.61293143
10.787402 46.38999900 -92.55300100 45.77500200 -91.55600000 3.59481866
10.787402 46.38999900 -92.55300100 45.83300000 -91.58499900 3.61711756
10.787402 46.40000200 -92.65699800 45.77500200 -91.55600000 3.57685955
10.787402 46.40000200 -92.65699800 45.83300000 -91.58499900 3.60518431
10.787402 46.40000200 -92.65699800 45.87500000 -91.72399900 3.63323322
10.787402 46.44599900 -92.68499800 45.83300000 -91.58499900 3.60052555
10.787402 46.44599900 -92.68499800 45.87500000 -91.72399900 3.63094906
10.787402 46.52700000 -92.83499900 45.87500000 -91.72399900 3.62141118
10.787402 46.61000100 -92.91999800 46.01100200 -91.88900000 3.64013109
10.787402 46.65700100 -93.03500400 46.07199900 -92.00099900 3.64120882
10.787402 46.65700100 -93.03500400 46.01100200 -91.88900000 3.63902496
10.787402 46.71699900 -93.12599900 46.12699900 -92.06800100 3.62678543
10.787402 46.71699900 -93.12599900 46.07199900 -92.00099900 3.63503198
10.787402 46.71699900 -93.12599900 46.01100200 -91.88900000 3.59886826
10.787402 46.74900100 -93.21099900 46.07199900 -92.00099900 3.60294588
10.787402 46.74900100 -93.21099900 46.12699900 -92.06800100 3.62661499
10.787402 46.74900100 -93.21099900 46.01100200 -91.88900000 3.57806629
10.787402 46.74900100 -93.21099900 46.13800000 -92.18900300 3.61446749
10.937008 46.01100200 -91.88900000 45.41500100 -90.94599900 3.65745116
10.937008 46.07199900 -92.00099900 45.53400000 -91.09600100 3.64058161
10.937008 46.07199900 -92.00099900 45.41500100 -90.94599900 3.63003992
10.937008 46.12699900 -92.06800100 45.53400000 -91.09600100 3.62497671
10.937008 46.12699900 -92.06800100 45.41500100 -90.94599900 3.63665467
10.937008 46.13800000 -92.18900300 45.41500100 -90.94599900 3.60328958
10.937008 46.13800000 -92.18900300 45.53400000 -91.09600100 3.61275692
10.937008 46.13800000 -92.18900300 45.59000000 -91.28099800 3.63020831
10.937008 46.24800100 -92.30999800 45.59000000 -91.28099800 3.59934801
10.937008 46.24800100 -92.30999800 45.69800200 -91.46099900 3.62141311
10.937008 46.38999900 -92.55300100 45.77500200 -91.55600000 3.59992832
10.937008 46.38999900 -92.55300100 45.83300000 -91.58499900 3.62185774
10.937008 46.40000200 -92.65699800 45.83300000 -91.58499900 3.61186100
10.937008 46.40000200 -92.65699800 45.87500000 -91.72399900 3.63899022
10.937008 46.44599900 -92.68499800 45.83300000 -91.58499900 3.60774577
10.937008 46.44599900 -92.68499800 45.87500000 -91.72399900 3.63691641
10.937008 46.52700000 -92.83499900 45.87500000 -91.72399900 3.62754881
10.937008 46.61000100 -92.91999800 46.01100200 -91.88900000 3.64600847
10.937008 46.65700100 -93.03500400 46.07199900 -92.00099900 3.64649151
10.937008 46.65700100 -93.03500400 46.01100200 -91.88900000 3.64528659
10.937008 46.71699900 -93.12599900 46.12699900 -92.06800100 3.63109136
10.937008 46.71699900 -93.12599900 46.13800000 -92.18900300 3.65161560
10.937008 46.71699900 -93.12599900 46.07199900 -92.00099900 3.64009904
10.937008 46.71699900 -93.12599900 46.01100200 -91.88900000 3.60384376
10.937008 46.74900100 -93.21099900 46.07199900 -92.00099900 3.60882666
10.937008 46.74900100 -93.21099900 46.12699900 -92.06800100 3.63284004
10.937008 46.74900100 -93.21099900 46.13800000 -92.18900300 3.61900683
11.086614 46.07199900 -92.00099900 45.53400000 -91.09600100 3.64690752
11.086614 46.07199900 -92.00099900 45.41500100 -90.94599900 3.63717365
11.086614 46.12699900 -92.06800100 45.53400000 -91.09600100 3.63238752
11.086614 46.12699900 -92.06800100 45.41500100 -90.94599900 3.64331520
11.086614 46.13800000 -92.18900300 45.41500100 -90.94599900 3.60882431
11.086614 46.13800000 -92.18900300 45.53400000 -91.09600100 3.62003716
11.086614 46.13800000 -92.18900300 45.59000000 -91.28099800 3.63778495
11.086614 46.24800100 -92.30999800 45.41500100 -90.94599900 3.59184272
11.086614 46.24800100 -92.30999800 45.59000000 -91.28099800 3.60548163
11.086614 46.24800100 -92.30999800 45.53400000 -91.09600100 3.58853727
11.086614 46.24800100 -92.30999800 45.69800200 -91.46099900 3.63009583
11.086614 46.38999900 -92.55300100 45.77500200 -91.55600000 3.60501565
11.086614 46.38999900 -92.55300100 45.83300000 -91.58499900 3.62668231
11.086614 46.40000200 -92.65699800 45.77500200 -91.55600000 3.59100704
11.086614 46.40000200 -92.65699800 45.83300000 -91.58499900 3.61846847
11.086614 46.40000200 -92.65699800 45.87500000 -91.72399900 3.64467832
11.086614 46.44599900 -92.68499800 45.77500200 -91.55600000 3.59346039
11.086614 46.44599900 -92.68499800 45.83300000 -91.58499900 3.61492177
11.086614 46.44599900 -92.68499800 45.87500000 -91.72399900 3.64288801
11.086614 46.52700000 -92.83499900 45.87500000 -91.72399900 3.63367150
11.086614 46.61000100 -92.91999800 46.01100200 -91.88900000 3.65205146
11.086614 46.65700100 -93.03500400 46.07199900 -92.00099900 3.65181315
11.086614 46.65700100 -93.03500400 46.01100200 -91.88900000 3.65105795
11.086614 46.71699900 -93.12599900 46.12699900 -92.06800100 3.63552027
11.086614 46.71699900 -93.12599900 46.13800000 -92.18900300 3.65881422
11.086614 46.71699900 -93.12599900 46.07199900 -92.00099900 3.64509193
11.086614 46.71699900 -93.12599900 46.01100200 -91.88900000 3.60905033
11.086614 46.74900100 -93.21099900 46.07199900 -92.00099900 3.61483882
11.086614 46.74900100 -93.21099900 46.12699900 -92.06800100 3.63895189
11.086614 46.74900100 -93.21099900 46.13800000 -92.18900300 3.62370232
11.23622 46.07199900 -92.00099900 45.53400000 -91.09600100 3.65311572
11.23622 46.07199900 -92.00099900 45.41500100 -90.94599900 3.64436308
11.23622 46.12699900 -92.06800100 45.53400000 -91.09600100 3.63974141
11.23622 46.12699900 -92.06800100 45.41500100 -90.94599900 3.65015077
11.23622 46.13800000 -92.18900300 45.41500100 -90.94599900 3.61448184
11.23622 46.13800000 -92.18900300 45.53400000 -91.09600100 3.62738279
11.23622 46.13800000 -92.18900300 45.59000000 -91.28099800 3.64519441
11.23622 46.24800100 -92.30999800 45.41500100 -90.94599900 3.59682804
11.23622 46.24800100 -92.30999800 45.59000000 -91.28099800 3.61186387
11.23622 46.24800100 -92.30999800 45.53400000 -91.09600100 3.59385729
11.23622 46.38999900 -92.55300100 45.77500200 -91.55600000 3.61009314
11.23622 46.38999900 -92.55300100 45.69800200 -91.46099900 3.59158840
11.23622 46.38999900 -92.55300100 45.83300000 -91.58499900 3.63110796
11.23622 46.40000200 -92.65699800 45.77500200 -91.55600000 3.59807717
11.23622 46.40000200 -92.65699800 45.83300000 -91.58499900 3.62499083
11.23622 46.40000200 -92.65699800 45.87500000 -91.72399900 3.65031554
11.23622 46.44599900 -92.68499800 45.77500200 -91.55600000 3.60089445
11.23622 46.44599900 -92.68499800 45.83300000 -91.58499900 3.62204240
11.23622 46.44599900 -92.68499800 45.87500000 -91.72399900 3.64887181
11.23622 46.52700000 -92.83499900 45.87500000 -91.72399900 3.63977615
11.23622 46.61000100 -92.91999800 46.01100200 -91.88900000 3.65825992
11.23622 46.65700100 -93.03500400 46.07199900 -92.00099900 3.65736045
11.23622 46.65700100 -93.03500400 46.01100200 -91.88900000 3.65678960
11.23622 46.71699900 -93.12599900 46.12699900 -92.06800100 3.64009690
11.23622 46.71699900 -93.12599900 46.13800000 -92.18900300 3.66619772
11.23622 46.71699900 -93.12599900 46.07199900 -92.00099900 3.65002286
11.23622 46.71699900 -93.12599900 46.01100200 -91.88900000 3.61448500
11.23622 46.74900100 -93.21099900 46.07199900 -92.00099900 3.62096565
11.23622 46.74900100 -93.21099900 46.12699900 -92.06800100 3.64548850
11.23622 46.74900100 -93.21099900 46.13800000 -92.18900300 3.62922521
11.385827 46.07199900 -92.00099900 45.53400000 -91.09600100 3.65923601
11.385827 46.07199900 -92.00099900 45.41500100 -90.94599900 3.65187412
11.385827 46.12699900 -92.06800100 45.53400000 -91.09600100 3.64703581
11.385827 46.12699900 -92.06800100 45.41500100 -90.94599900 3.65709800
11.385827 46.13800000 -92.18900300 45.41500100 -90.94599900 3.62027757
11.385827 46.13800000 -92.18900300 45.53400000 -91.09600100 3.63477940
11.385827 46.13800000 -92.18900300 45.59000000 -91.28099800 3.65298680
11.385827 46.24800100 -92.30999800 45.41500100 -90.94599900 3.60179202
11.385827 46.24800100 -92.30999800 45.59000000 -91.28099800 3.61849457
11.385827 46.24800100 -92.30999800 45.53400000 -91.09600100 3.59939895
11.385827 46.38999900 -92.55300100 45.77500200 -91.55600000 3.61517343
11.385827 46.38999900 -92.55300100 45.69800200 -91.46099900 3.59826151
11.385827 46.38999900 -92.55300100 45.83300000 -91.58499900 3.63548067
11.385827 46.40000200 -92.65699800 45.77500200 -91.55600000 3.60512556
11.385827 46.40000200 -92.65699800 45.83300000 -91.58499900 3.63141590
11.385827 46.40000200 -92.65699800 45.87500000 -91.72399900 3.65592318
11.385827 46.44599900 -92.68499800 45.77500200 -91.55600000 3.60827925
11.385827 46.44599900 -92.68499800 45.83300000 -91.58499900 3.62977979
11.385827 46.44599900 -92.68499800 45.87500000 -91.72399900 3.65487708
11.385827 46.52700000 -92.83499900 45.87500000 -91.72399900 3.64586006
11.385827 46.61000100 -92.91999800 46.01100200 -91.88900000 3.66463183
11.385827 46.65700100 -93.03500400 46.07199900 -92.00099900 3.66314215
11.385827 46.65700100 -93.03500400 46.01100200 -91.88900000 3.66248485
11.385827 46.71699900 -93.12599900 46.12699900 -92.06800100 3.64538742
11.385827 46.71699900 -93.12599900 46.07199900 -92.00099900 3.65490627
11.385827 46.71699900 -93.12599900 46.01100200 -91.88900000 3.61994516
11.385827 46.74900100 -93.21099900 46.07199900 -92.00099900 3.62695018
11.385827 46.74900100 -93.21099900 46.12699900 -92.06800100 3.65125393
11.385827 46.74900100 -93.21099900 46.01100200 -91.88900000 3.59577716
11.385827 46.74900100 -93.21099900 46.13800000 -92.18900300 3.63449544
11.535433 46.07199900 -92.00099900 45.41500100 -90.94599900 3.65952406
11.535433 46.12699900 -92.06800100 45.53400000 -91.09600100 3.65427300
11.535433 46.12699900 -92.06800100 45.41500100 -90.94599900 3.66415339
11.535433 46.13800000 -92.18900300 45.41500100 -90.94599900 3.62622348
11.535433 46.13800000 -92.18900300 45.53400000 -91.09600100 3.64221180
11.535433 46.13800000 -92.18900300 45.59000000 -91.28099800 3.66000001
11.535433 46.24800100 -92.30999800 45.41500100 -90.94599900 3.60673947
11.535433 46.24800100 -92.30999800 45.59000000 -91.28099800 3.62546612
11.535433 46.24800100 -92.30999800 45.53400000 -91.09600100 3.60510925
11.535433 46.38999900 -92.55300100 45.77500200 -91.55600000 3.62026943
11.535433 46.38999900 -92.55300100 45.69800200 -91.46099900 3.60493751
11.535433 46.38999900 -92.55300100 45.83300000 -91.58499900 3.63982953
11.535433 46.40000200 -92.65699800 45.77500200 -91.55600000 3.61213813
11.535433 46.40000200 -92.65699800 45.83300000 -91.58499900 3.63839094
11.535433 46.40000200 -92.65699800 45.87500000 -91.72399900 3.66152515
11.535433 46.44599900 -92.68499800 45.77500200 -91.55600000 3.61559964
11.535433 46.44599900 -92.68499800 45.83300000 -91.58499900 3.63668094
11.535433 46.44599900 -92.68499800 45.87500000 -91.72399900 3.66091451
11.535433 46.52700000 -92.83499900 45.87500000 -91.72399900 3.65192069
11.535433 46.61000100 -92.91999800 46.01100200 -91.88900000 3.67140842
11.535433 46.65700100 -93.03500400 46.07199900 -92.00099900 3.66967617
11.535433 46.65700100 -93.03500400 46.01100200 -91.88900000 3.66814731
11.535433 46.71699900 -93.12599900 46.12699900 -92.06800100 3.65048800
11.535433 46.71699900 -93.12599900 46.13800000 -92.18900300 3.68270597
11.535433 46.71699900 -93.12599900 46.07199900 -92.00099900 3.65975851
11.535433 46.71699900 -93.12599900 46.01100200 -91.88900000 3.62582383
11.535433 46.74900100 -93.21099900 46.07199900 -92.00099900 3.63323685
11.535433 46.74900100 -93.21099900 46.12699900 -92.06800100 3.65687656
11.535433 46.74900100 -93.21099900 46.13800000 -92.18900300 3.64000413
11.685039 46.07199900 -92.00099900 45.41500100 -90.94599900 3.66728725
11.685039 46.12699900 -92.06800100 45.53400000 -91.09600100 3.66145984
11.685039 46.12699900 -92.06800100 45.41500100 -90.94599900 3.67130849
11.685039 46.13800000 -92.18900300 45.41500100 -90.94599900 3.63248289
11.685039 46.13800000 -92.18900300 45.53400000 -91.09600100 3.64966466
11.685039 46.24800100 -92.30999800 45.41500100 -90.94599900 3.61167631
11.685039 46.24800100 -92.30999800 45.59000000 -91.28099800 3.63266062
11.685039 46.24800100 -92.30999800 45.53400000 -91.09600100 3.61100445
11.685039 46.38999900 -92.55300100 45.77500200 -91.55600000 3.62539411
11.685039 46.38999900 -92.55300100 45.69800200 -91.46099900 3.61160558
11.685039 46.38999900 -92.55300100 45.83300000 -91.58499900 3.64466413
11.685039 46.40000200 -92.65699800 45.77500200 -91.55600000 3.61947329
11.685039 46.40000200 -92.65699800 45.83300000 -91.58499900 3.64449858
11.685039 46.44599900 -92.68499800 45.77500200 -91.55600000 3.62284167
11.685039 46.44599900 -92.68499800 45.83300000 -91.58499900 3.64348414
11.685039 46.44599900 -92.68499800 45.87500000 -91.72399900 3.66699653
11.685039 46.52700000 -92.83499900 45.87500000 -91.72399900 3.65795582
11.685039 46.61000100 -92.91999800 45.87500000 -91.72399900 3.60559937
11.685039 46.61000100 -92.91999800 46.01100200 -91.88900000 3.67820049
11.685039 46.65700100 -93.03500400 46.07199900 -92.00099900 3.67602778
11.685039 46.65700100 -93.03500400 46.01100200 -91.88900000 3.67378093
11.685039 46.71699900 -93.12599900 46.12699900 -92.06800100 3.65580166
11.685039 46.71699900 -93.12599900 46.07199900 -92.00099900 3.66459718
11.685039 46.71699900 -93.12599900 46.01100200 -91.88900000 3.63188615
11.685039 46.74900100 -93.21099900 46.07199900 -92.00099900 3.63958223
11.685039 46.74900100 -93.21099900 46.12699900 -92.06800100 3.66236314
11.685039 46.74900100 -93.21099900 46.01100200 -91.88900000 3.60614291
11.685039 46.74900100 -93.21099900 46.13800000 -92.18900300 3.64686433
11.834646 46.01100200 -91.88900000 45.41500100 -90.94599900 3.70247146
11.834646 46.07199900 -92.00099900 45.41500100 -90.94599900 3.67513662
11.834646 46.12699900 -92.06800100 45.53400000 -91.09600100 3.66860691
11.834646 46.12699900 -92.06800100 45.41500100 -90.94599900 3.67855030
11.834646 46.13800000 -92.18900300 45.41500100 -90.94599900 3.63878826
11.834646 46.13800000 -92.18900300 45.53400000 -91.09600100 3.65705927
11.834646 46.24800100 -92.30999800 45.59000000 -91.28099800 3.64006103
11.834646 46.24800100 -92.30999800 45.53400000 -91.09600100 3.61736634
11.834646 46.38999900 -92.55300100 45.77500200 -91.55600000 3.63056090
11.834646 46.38999900 -92.55300100 45.69800200 -91.46099900 3.61825432
11.834646 46.38999900 -92.55300100 45.83300000 -91.58499900 3.64922945
11.834646 46.40000200 -92.65699800 45.77500200 -91.55600000 3.62628657
11.834646 46.40000200 -92.65699800 45.83300000 -91.58499900 3.65048363
11.834646 46.44599900 -92.68499800 45.77500200 -91.55600000 3.62999272
11.834646 46.44599900 -92.68499800 45.83300000 -91.58499900 3.65018216
11.834646 46.44599900 -92.68499800 45.87500000 -91.72399900 3.67313734
11.834646 46.52700000 -92.83499900 45.87500000 -91.72399900 3.66396357
11.834646 46.61000100 -92.91999800 46.01100200 -91.88900000 3.68513963
11.834646 46.65700100 -93.03500400 46.07199900 -92.00099900 3.68263171
11.834646 46.65700100 -93.03500400 46.12699900 -92.06800100 3.70402334
11.834646 46.65700100 -93.03500400 46.01100200 -91.88900000 3.67939009
11.834646 46.71699900 -93.12599900 46.12699900 -92.06800100 3.66229458
11.834646 46.71699900 -93.12599900 46.13800000 -92.18900300 3.70047625
11.834646 46.71699900 -93.12599900 46.07199900 -92.00099900 3.66944075
11.834646 46.71699900 -93.12599900 46.01100200 -91.88900000 3.63810888
11.834646 46.74900100 -93.21099900 46.07199900 -92.00099900 3.64596498
11.834646 46.74900100 -93.21099900 46.12699900 -92.06800100 3.66772445
11.834646 46.74900100 -93.21099900 46.13800000 -92.18900300 3.65307932
11.984252 46.07199900 -92.00099900 45.41500100 -90.94599900 3.68304486
11.984252 46.12699900 -92.06800100 45.53400000 -91.09600100 3.67572826
11.984252 46.12699900 -92.06800100 45.41500100 -90.94599900 3.68586210
11.984252 46.13800000 -92.18900300 45.41500100 -90.94599900 3.64525316
11.984252 46.13800000 -92.18900300 45.53400000 -91.09600100 3.66447707
11.984252 46.24800100 -92.30999800 45.41500100 -90.94599900 3.62154659
11.984252 46.24800100 -92.30999800 45.59000000 -91.28099800 3.64764626
11.984252 46.24800100 -92.30999800 45.53400000 -91.09600100 3.62372462
11.984252 46.38999900 -92.55300100 45.77500200 -91.55600000 3.63578349
11.984252 46.38999900 -92.55300100 45.69800200 -91.46099900 3.62487230
11.984252 46.38999900 -92.55300100 45.83300000 -91.58499900 3.65386360
11.984252 46.40000200 -92.65699800 45.77500200 -91.55600000 3.63301870
11.984252 46.40000200 -92.65699800 45.83300000 -91.58499900 3.65635245
11.984252 46.44599900 -92.68499800 45.77500200 -91.55600000 3.63729852
11.984252 46.44599900 -92.68499800 45.83300000 -91.58499900 3.65676957
11.984252 46.44599900 -92.68499800 45.87500000 -91.72399900 3.67986904
11.984252 46.52700000 -92.83499900 45.87500000 -91.72399900 3.66994229
11.984252 46.61000100 -92.91999800 45.87500000 -91.72399900 3.62040260
11.984252 46.61000100 -92.91999800 46.01100200 -91.88900000 3.69222036
11.984252 46.65700100 -93.03500400 46.07199900 -92.00099900 3.69019142
11.984252 46.65700100 -93.03500400 46.01100200 -91.88900000 3.68497946
11.984252 46.71699900 -93.12599900 46.12699900 -92.06800100 3.66823059
11.984252 46.71699900 -93.12599900 46.07199900 -92.00099900 3.67430816
11.984252 46.71699900 -93.12599900 46.01100200 -91.88900000 3.64446720
11.984252 46.74900100 -93.21099900 46.07199900 -92.00099900 3.65257010
11.984252 46.74900100 -93.21099900 46.12699900 -92.06800100 3.67297480
11.984252 46.74900100 -93.21099900 46.01100200 -91.88900000 3.61774538
11.984252 46.74900100 -93.21099900 46.13800000 -92.18900300 3.66091442
12.133858 46.07199900 -92.00099900 45.41500100 -90.94599900 3.69098556
12.133858 46.12699900 -92.06800100 45.53400000 -91.09600100 3.68284063
12.133858 46.12699900 -92.06800100 45.41500100 -90.94599900 3.69322392
12.133858 46.13800000 -92.18900300 45.41500100 -90.94599900 3.65187518
12.133858 46.13800000 -92.18900300 45.53400000 -91.09600100 3.67186410
12.133858 46.24800100 -92.30999800 45.41500100 -90.94599900 3.62649639
12.133858 46.24800100 -92.30999800 45.59000000 -91.28099800 3.65580724
12.133858 46.24800100 -92.30999800 45.53400000 -91.09600100 3.63028840
12.133858 46.38999900 -92.55300100 45.77500200 -91.55600000 3.64177686
12.133858 46.38999900 -92.55300100 45.69800200 -91.46099900 3.63144824
12.133858 46.40000200 -92.65699800 45.77500200 -91.55600000 3.63966059
12.133858 46.40000200 -92.65699800 45.83300000 -91.58499900 3.66211539
12.133858 46.44599900 -92.68499800 45.77500200 -91.55600000 3.64415992
12.133858 46.44599900 -92.68499800 45.83300000 -91.58499900 3.66345609
12.133858 46.44599900 -92.68499800 45.87500000 -91.72399900 3.68629024
12.133858 46.52700000 -92.83499900 45.83300000 -91.58499900 3.61863718
12.133858 46.52700000 -92.83499900 45.87500000 -91.72399900 3.67589078
12.133858 46.61000100 -92.91999800 45.87500000 -91.72399900 3.62789935
12.133858 46.61000100 -92.91999800 46.01100200 -91.88900000 3.69943770
12.133858 46.65700100 -93.03500400 46.07199900 -92.00099900 3.69738738
12.133858 46.65700100 -93.03500400 46.01100200 -91.88900000 3.69055433
12.133858 46.71699900 -93.12599900 46.12699900 -92.06800100 3.67442465
12.133858 46.71699900 -93.12599900 46.07199900 -92.00099900 3.67921869
12.133858 46.71699900 -93.12599900 46.01100200 -91.88900000 3.65093606
12.133858 46.74900100 -93.21099900 46.07199900 -92.00099900 3.65893597
12.133858 46.74900100 -93.21099900 46.12699900 -92.06800100 3.67791632
12.133858 46.74900100 -93.21099900 46.01100200 -91.88900000 3.62372476
12.133858 46.74900100 -93.21099900 46.13800000 -92.18900300 3.66788085
12.283465 46.38999900 -92.55300100 45.41500100 -90.94599900 3.58155691
12.283465 46.38999900 -92.55300100 45.53400000 -91.09600100 3.57504385
12.283465 46.40000200 -92.65699800 45.53400000 -91.09600100 3.57338429
12.283465 46.40000200 -92.65699800 45.59000000 -91.28099800 3.57949085
12.283465 46.40000200 -92.65699800 45.41500100 -90.94599900 3.56882477
12.283465 46.44599900 -92.68499800 45.59000000 -91.28099800 3.57295991
12.283465 46.44599900 -92.68499800 45.41500100 -90.94599900 3.56989482
12.283465 46.44599900 -92.68499800 45.53400000 -91.09600100 3.57210996
12.283465 46.52700000 -92.83499900 45.59000000 -91.28099800 3.55550363
12.283465 46.52700000 -92.83499900 45.41500100 -90.94599900 3.54406668
12.283465 46.52700000 -92.83499900 45.53400000 -91.09600100 3.55653747
12.283465 46.52700000 -92.83499900 45.69800200 -91.46099900 3.56833478
12.283465 46.61000100 -92.91999800 45.83300000 -91.58499900 3.59713840
12.283465 46.61000100 -92.91999800 45.53400000 -91.09600100 3.53580626
12.283465 46.61000100 -92.91999800 45.77500200 -91.55600000 3.57553283
12.283465 46.61000100 -92.91999800 45.69800200 -91.46099900 3.55635162
12.283465 46.61000100 -92.91999800 45.41500100 -90.94599900 3.53657692
12.283465 46.61000100 -92.91999800 45.59000000 -91.28099800 3.54403223
12.283465 46.65700100 -93.03500400 45.83300000 -91.58499900 3.57986122
12.283465 46.65700100 -93.03500400 45.77500200 -91.55600000 3.56547851
12.283465 46.65700100 -93.03500400 45.69800200 -91.46099900 3.55754179
12.283465 46.71699900 -93.12599900 45.83300000 -91.58499900 3.56901431
12.283465 46.71699900 -93.12599900 45.69800200 -91.46099900 3.53784155
12.283465 46.71699900 -93.12599900 45.87500000 -91.72399900 3.58602097
12.283465 46.71699900 -93.12599900 45.77500200 -91.55600000 3.55899960
12.283465 46.74900100 -93.21099900 45.83300000 -91.58499900 3.56324519
12.283465 46.74900100 -93.21099900 45.77500200 -91.55600000 3.54874051
12.283465 46.74900100 -93.21099900 45.87500000 -91.72399900 3.57890102
12.433071 46.38999900 -92.55300100 45.41500100 -90.94599900 3.58675549
12.433071 46.38999900 -92.55300100 45.53400000 -91.09600100 3.57986832
12.433071 46.40000200 -92.65699800 45.53400000 -91.09600100 3.57865068
12.433071 46.40000200 -92.65699800 45.59000000 -91.28099800 3.58544441
12.433071 46.40000200 -92.65699800 45.41500100 -90.94599900 3.57417461
12.433071 46.44599900 -92.68499800 45.59000000 -91.28099800 3.57879900
12.433071 46.44599900 -92.68499800 45.41500100 -90.94599900 3.57548437
12.433071 46.44599900 -92.68499800 45.53400000 -91.09600100 3.57774862
12.433071 46.52700000 -92.83499900 45.59000000 -91.28099800 3.56133555
12.433071 46.52700000 -92.83499900 45.41500100 -90.94599900 3.54900534
12.433071 46.52700000 -92.83499900 45.53400000 -91.09600100 3.56192386
12.433071 46.52700000 -92.83499900 45.69800200 -91.46099900 3.57409050
12.433071 46.61000100 -92.91999800 45.83300000 -91.58499900 3.60359236
12.433071 46.61000100 -92.91999800 45.53400000 -91.09600100 3.54131627
12.433071 46.61000100 -92.91999800 45.77500200 -91.55600000 3.58128543
12.433071 46.61000100 -92.91999800 45.69800200 -91.46099900 3.56230813
12.433071 46.61000100 -92.91999800 45.41500100 -90.94599900 3.54120339
12.433071 46.61000100 -92.91999800 45.59000000 -91.28099800 3.54997236
12.433071 46.65700100 -93.03500400 45.83300000 -91.58499900 3.58386081
12.433071 46.65700100 -93.03500400 45.77500200 -91.55600000 3.57088522
12.433071 46.65700100 -93.03500400 45.69800200 -91.46099900 3.56380821
12.433071 46.71699900 -93.12599900 45.83300000 -91.58499900 3.57508807
12.433071 46.71699900 -93.12599900 45.69800200 -91.46099900 3.54404735
12.433071 46.71699900 -93.12599900 45.87500000 -91.72399900 3.59042462
12.433071 46.71699900 -93.12599900 45.77500200 -91.55600000 3.56541881
12.433071 46.74900100 -93.21099900 45.83300000 -91.58499900 3.56965258
12.433071 46.74900100 -93.21099900 45.77500200 -91.55600000 3.55492594
12.433071 46.74900100 -93.21099900 45.87500000 -91.72399900 3.58353554
12.582677 46.38999900 -92.55300100 45.41500100 -90.94599900 3.59195427
12.582677 46.38999900 -92.55300100 45.53400000 -91.09600100 3.58472288
12.582677 46.38999900 -92.55300100 45.59000000 -91.28099800 3.61116870
12.582677 46.40000200 -92.65699800 45.53400000 -91.09600100 3.58394059
12.582677 46.40000200 -92.65699800 45.59000000 -91.28099800 3.59145697
12.582677 46.40000200 -92.65699800 45.41500100 -90.94599900 3.57958403
12.582677 46.44599900 -92.68499800 45.59000000 -91.28099800 3.58469812
12.582677 46.44599900 -92.68499800 45.41500100 -90.94599900 3.58098190
12.582677 46.44599900 -92.68499800 45.53400000 -91.09600100 3.58338289
12.582677 46.52700000 -92.83499900 45.59000000 -91.28099800 3.56719574
12.582677 46.52700000 -92.83499900 45.41500100 -90.94599900 3.55403855
12.582677 46.52700000 -92.83499900 45.53400000 -91.09600100 3.56735525
12.582677 46.52700000 -92.83499900 45.69800200 -91.46099900 3.58035656
12.582677 46.61000100 -92.91999800 45.83300000 -91.58499900 3.60943165
12.582677 46.61000100 -92.91999800 45.53400000 -91.09600100 3.54693348
12.582677 46.61000100 -92.91999800 45.77500200 -91.55600000 3.58689257
12.582677 46.61000100 -92.91999800 45.69800200 -91.46099900 3.56831716
12.582677 46.61000100 -92.91999800 45.59000000 -91.28099800 3.55595619
12.582677 46.65700100 -93.03500400 45.83300000 -91.58499900 3.58787320
12.582677 46.65700100 -93.03500400 45.77500200 -91.55600000 3.57627364
12.582677 46.65700100 -93.03500400 45.69800200 -91.46099900 3.57010299
12.582677 46.71699900 -93.12599900 45.83300000 -91.58499900 3.58079123
12.582677 46.71699900 -93.12599900 45.69800200 -91.46099900 3.55029564
12.582677 46.71699900 -93.12599900 45.87500000 -91.72399900 3.59491900
12.582677 46.71699900 -93.12599900 45.77500200 -91.55600000 3.57187481
12.582677 46.74900100 -93.21099900 45.83300000 -91.58499900 3.57607378
12.582677 46.74900100 -93.21099900 45.77500200 -91.55600000 3.56118206
12.582677 46.74900100 -93.21099900 45.87500000 -91.72399900 3.58816420
12.732283 46.38999900 -92.55300100 45.41500100 -90.94599900 3.59714774
12.732283 46.38999900 -92.55300100 45.53400000 -91.09600100 3.58960898
12.732283 46.38999900 -92.55300100 45.59000000 -91.28099800 3.61694252
12.732283 46.40000200 -92.65699800 45.53400000 -91.09600100 3.58925422
12.732283 46.40000200 -92.65699800 45.59000000 -91.28099800 3.59752759
12.732283 46.40000200 -92.65699800 45.41500100 -90.94599900 3.58504969
12.732283 46.44599900 -92.68499800 45.59000000 -91.28099800 3.59065790
12.732283 46.44599900 -92.68499800 45.41500100 -90.94599900 3.58652967
12.732283 46.44599900 -92.68499800 45.53400000 -91.09600100 3.58882610
12.732283 46.52700000 -92.83499900 45.59000000 -91.28099800 3.57326202
12.732283 46.52700000 -92.83499900 45.41500100 -90.94599900 3.55916876
12.732283 46.52700000 -92.83499900 45.53400000 -91.09600100 3.57282980
12.732283 46.52700000 -92.83499900 45.69800200 -91.46099900 3.58635267
12.732283 46.61000100 -92.91999800 45.83300000 -91.58499900 3.61542169
12.732283 46.61000100 -92.91999800 45.53400000 -91.09600100 3.55292802
12.732283 46.61000100 -92.91999800 45.77500200 -91.55600000 3.59256863
12.732283 46.61000100 -92.91999800 45.69800200 -91.46099900 3.57438440
12.732283 46.61000100 -92.91999800 45.59000000 -91.28099800 3.56197764
12.732283 46.65700100 -93.03500400 45.83300000 -91.58499900 3.59191362
12.732283 46.65700100 -93.03500400 45.59000000 -91.28099800 3.55107926
12.732283 46.65700100 -93.03500400 45.77500200 -91.55600000 3.58165412
12.732283 46.65700100 -93.03500400 45.69800200 -91.46099900 3.57642093
12.732283 46.71699900 -93.12599900 45.83300000 -91.58499900 3.58645894
12.732283 46.71699900 -93.12599900 45.69800200 -91.46099900 3.55657761
12.732283 46.71699900 -93.12599900 45.87500000 -91.72399900 3.59951477
12.732283 46.71699900 -93.12599900 45.77500200 -91.55600000 3.57835523
12.732283 46.74900100 -93.21099900 45.83300000 -91.58499900 3.58243935
12.732283 46.74900100 -93.21099900 45.77500200 -91.55600000 3.56749671
12.732283 46.74900100 -93.21099900 45.87500000 -91.72399900 3.59279714
12.88189 46.38999900 -92.55300100 45.41500100 -90.94599900 3.60233092
12.88189 46.38999900 -92.55300100 45.53400000 -91.09600100 3.59452798
12.88189 46.38999900 -92.55300100 45.59000000 -91.28099800 3.62272244
12.88189 46.40000200 -92.65699800 45.53400000 -91.09600100 3.59459189
12.88189 46.40000200 -92.65699800 45.59000000 -91.28099800 3.60365545
12.88189 46.40000200 -92.65699800 45.41500100 -90.94599900 3.59056701
12.88189 46.44599900 -92.68499800 45.59000000 -91.28099800 3.59667913
12.88189 46.44599900 -92.68499800 45.41500100 -90.94599900 3.59212598
12.88189 46.44599900 -92.68499800 45.53400000 -91.09600100 3.59441401
12.88189 46.52700000 -92.83499900 45.59000000 -91.28099800 3.57922047
12.88189 46.52700000 -92.83499900 45.41500100 -90.94599900 3.56439818
12.88189 46.52700000 -92.83499900 45.53400000 -91.09600100 3.57834577
12.88189 46.52700000 -92.83499900 45.69800200 -91.46099900 3.59244743
12.88189 46.61000100 -92.91999800 45.83300000 -91.58499900 3.62156361
12.88189 46.61000100 -92.91999800 45.53400000 -91.09600100 3.55874508
12.88189 46.61000100 -92.91999800 45.77500200 -91.55600000 3.59832124
12.88189 46.61000100 -92.91999800 45.69800200 -91.46099900 3.58051551
12.88189 46.61000100 -92.91999800 45.59000000 -91.28099800 3.56803120
12.88189 46.65700100 -93.03500400 45.83300000 -91.58499900 3.59642743
12.88189 46.65700100 -93.03500400 45.59000000 -91.28099800 3.55719912
12.88189 46.65700100 -93.03500400 45.77500200 -91.55600000 3.58703794
12.88189 46.65700100 -93.03500400 45.69800200 -91.46099900 3.58275770
12.88189 46.71699900 -93.12599900 45.83300000 -91.58499900 3.59209239
12.88189 46.71699900 -93.12599900 45.69800200 -91.46099900 3.56288466
12.88189 46.71699900 -93.12599900 45.87500000 -91.72399900 3.60465211
12.88189 46.71699900 -93.12599900 45.77500200 -91.55600000 3.58484919
12.88189 46.74900100 -93.21099900 45.83300000 -91.58499900 3.58877731
12.88189 46.74900100 -93.21099900 45.77500200 -91.55600000 3.57385747
12.88189 46.74900100 -93.21099900 45.87500000 -91.72399900 3.59744560
13.031496 46.38999900 -92.55300100 45.41500100 -90.94599900 3.60749949
13.031496 46.38999900 -92.55300100 45.53400000 -91.09600100 3.59948119
13.031496 46.40000200 -92.65699800 45.53400000 -91.09600100 3.59995389
13.031496 46.40000200 -92.65699800 45.59000000 -91.28099800 3.60983977
13.031496 46.40000200 -92.65699800 45.41500100 -90.94599900 3.59613042
13.031496 46.44599900 -92.68499800 45.59000000 -91.28099800 3.60276302
13.031496 46.44599900 -92.68499800 45.41500100 -90.94599900 3.59776837
13.031496 46.44599900 -92.68499800 45.53400000 -91.09600100 3.59999723
13.031496 46.52700000 -92.83499900 45.59000000 -91.28099800 3.58520786
13.031496 46.52700000 -92.83499900 45.41500100 -90.94599900 3.57009001
13.031496 46.52700000 -92.83499900 45.53400000 -91.09600100 3.58390116
13.031496 46.52700000 -92.83499900 45.69800200 -91.46099900 3.59864190
13.031496 46.61000100 -92.91999800 45.53400000 -91.09600100 3.56465606
13.031496 46.61000100 -92.91999800 45.77500200 -91.55600000 3.60415689
13.031496 46.61000100 -92.91999800 45.69800200 -91.46099900 3.58671608
13.031496 46.61000100 -92.91999800 45.41500100 -90.94599900 3.56070890
13.031496 46.61000100 -92.91999800 45.59000000 -91.28099800 3.57411194
13.031496 46.65700100 -93.03500400 45.83300000 -91.58499900 3.60064813
13.031496 46.65700100 -93.03500400 45.59000000 -91.28099800 3.56306551
13.031496 46.65700100 -93.03500400 45.77500200 -91.55600000 3.59243709
13.031496 46.65700100 -93.03500400 45.69800200 -91.46099900 3.58911026
13.031496 46.71699900 -93.12599900 45.83300000 -91.58499900 3.59769433
13.031496 46.71699900 -93.12599900 45.69800200 -91.46099900 3.56920868
13.031496 46.71699900 -93.12599900 45.87500000 -91.72399900 3.60952132
13.031496 46.71699900 -93.12599900 45.77500200 -91.55600000 3.59134729
13.031496 46.74900100 -93.21099900 45.83300000 -91.58499900 3.59507851
13.031496 46.74900100 -93.21099900 45.77500200 -91.55600000 3.58025194
13.031496 46.74900100 -93.21099900 45.87500000 -91.72399900 3.60212175
13.181102 46.38999900 -92.55300100 45.41500100 -90.94599900 3.61265007
13.181102 46.38999900 -92.55300100 45.53400000 -91.09600100 3.60446994
13.181102 46.38999900 -92.55300100 45.59000000 -91.28099800 3.63428609
13.181102 46.40000200 -92.65699800 45.53400000 -91.09600100 3.60534073
13.181102 46.40000200 -92.65699800 45.59000000 -91.28099800 3.61607968
13.181102 46.40000200 -92.65699800 45.41500100 -90.94599900 3.60173369
13.181102 46.44599900 -92.68499800 45.59000000 -91.28099800 3.60891057
13.181102 46.44599900 -92.68499800 45.41500100 -90.94599900 3.60345368
13.181102 46.44599900 -92.68499800 45.53400000 -91.09600100 3.60557628
13.181102 46.52700000 -92.83499900 45.59000000 -91.28099800 3.59122604
13.181102 46.52700000 -92.83499900 45.41500100 -90.94599900 3.57553049
13.181102 46.52700000 -92.83499900 45.53400000 -91.09600100 3.58949402
13.181102 46.52700000 -92.83499900 45.69800200 -91.46099900 3.60493635
13.181102 46.61000100 -92.91999800 45.83300000 -91.58499900 3.63523585
13.181102 46.61000100 -92.91999800 45.53400000 -91.09600100 3.57065598
13.181102 46.61000100 -92.91999800 45.77500200 -91.55600000 3.61008101
13.181102 46.61000100 -92.91999800 45.69800200 -91.46099900 3.59325040
13.181102 46.61000100 -92.91999800 45.59000000 -91.28099800 3.58021587
13.181102 46.65700100 -93.03500400 45.83300000 -91.58499900 3.60493963
13.181102 46.65700100 -93.03500400 45.59000000 -91.28099800 3.56899003
13.181102 46.65700100 -93.03500400 45.77500200 -91.55600000 3.59786387
13.181102 46.65700100 -93.03500400 45.69800200 -91.46099900 3.59547637
13.181102 46.71699900 -93.12599900 45.83300000 -91.58499900 3.60326901
13.181102 46.71699900 -93.12599900 45.69800200 -91.46099900 3.57554237
13.181102 46.71699900 -93.12599900 45.87500000 -91.72399900 3.61451126
13.181102 46.71699900 -93.12599900 45.77500200 -91.55600000 3.59784202
13.181102 46.74900100 -93.21099900 45.83300000 -91.58499900 3.60133529
13.181102 46.74900100 -93.21099900 45.77500200 -91.55600000 3.58666816
13.181102 46.74900100 -93.21099900 45.87500000 -91.72399900 3.60683818
13.330709 46.38999900 -92.55300100 45.41500100 -90.94599900 3.61778037
13.330709 46.38999900 -92.55300100 45.53400000 -91.09600100 3.60949564
13.330709 46.40000200 -92.65699800 45.53400000 -91.09600100 3.61075301
13.330709 46.40000200 -92.65699800 45.59000000 -91.28099800 3.62237432
13.330709 46.40000200 -92.65699800 45.41500100 -90.94599900 3.60736981
13.330709 46.44599900 -92.68499800 45.59000000 -91.28099800 3.61512321
13.330709 46.44599900 -92.68499800 45.41500100 -90.94599900 3.60917829
13.330709 46.44599900 -92.68499800 45.53400000 -91.09600100 3.61115207
13.330709 46.52700000 -92.83499900 45.59000000 -91.28099800 3.59727705
13.330709 46.52700000 -92.83499900 45.41500100 -90.94599900 3.58106875
13.330709 46.52700000 -92.83499900 45.53400000 -91.09600100 3.59512232
13.330709 46.52700000 -92.83499900 45.69800200 -91.46099900 3.61133008
13.330709 46.61000100 -92.91999800 45.53400000 -91.09600100 3.57673940
13.330709 46.61000100 -92.91999800 45.77500200 -91.55600000 3.61609776
13.330709 46.61000100 -92.91999800 45.69800200 -91.46099900 3.59963058
13.330709 46.61000100 -92.91999800 45.41500100 -90.94599900 3.57069725
13.330709 46.61000100 -92.91999800 45.59000000 -91.28099800 3.58634000
13.330709 46.65700100 -93.03500400 45.83300000 -91.58499900 3.60931785
13.330709 46.65700100 -93.03500400 45.59000000 -91.28099800 3.57496821
13.330709 46.65700100 -93.03500400 45.77500200 -91.55600000 3.60333077
13.330709 46.65700100 -93.03500400 45.69800200 -91.46099900 3.60185503
13.330709 46.71699900 -93.12599900 45.83300000 -91.58499900 3.60882183
13.330709 46.71699900 -93.12599900 45.69800200 -91.46099900 3.58150595
13.330709 46.71699900 -93.12599900 45.87500000 -91.72399900 3.61962895
13.330709 46.71699900 -93.12599900 45.77500200 -91.55600000 3.60432780
13.330709 46.74900100 -93.21099900 45.83300000 -91.58499900 3.60754155
13.330709 46.74900100 -93.21099900 45.77500200 -91.55600000 3.59309476
13.330709 46.74900100 -93.21099900 45.87500000 -91.72399900 3.61160772
13.480315 46.38999900 -92.55300100 45.41500100 -90.94599900 3.62288926
13.480315 46.38999900 -92.55300100 45.53400000 -91.09600100 3.61455991
13.480315 46.40000200 -92.65699800 45.53400000 -91.09600100 3.61619139
13.480315 46.40000200 -92.65699800 45.59000000 -91.28099800 3.62872274
13.480315 46.40000200 -92.65699800 45.41500100 -90.94599900 3.61303140
13.480315 46.44599900 -92.68499800 45.59000000 -91.28099800 3.62140226
13.480315 46.44599900 -92.68499800 45.41500100 -90.94599900 3.61493800
13.480315 46.44599900 -92.68499800 45.53400000 -91.09600100 3.61672611
13.480315 46.52700000 -92.83499900 45.59000000 -91.28099800 3.60336341
13.480315 46.52700000 -92.83499900 45.41500100 -90.94599900 3.58670497
13.480315 46.52700000 -92.83499900 45.53400000 -91.09600100 3.60078394
13.480315 46.52700000 -92.83499900 45.69800200 -91.46099900 3.61782158
13.480315 46.61000100 -92.91999800 45.53400000 -91.09600100 3.58290057
13.480315 46.61000100 -92.91999800 45.77500200 -91.55600000 3.62220997
13.480315 46.61000100 -92.91999800 45.69800200 -91.46099900 3.60609102
13.480315 46.61000100 -92.91999800 45.41500100 -90.94599900 3.57579719
13.480315 46.61000100 -92.91999800 45.59000000 -91.28099800 3.59248221
13.480315 46.65700100 -93.03500400 45.83300000 -91.58499900 3.61379857
13.480315 46.65700100 -93.03500400 45.59000000 -91.28099800 3.58099631
13.480315 46.65700100 -93.03500400 45.77500200 -91.55600000 3.60885011
13.480315 46.65700100 -93.03500400 45.69800200 -91.46099900 3.60824598
13.480315 46.71699900 -93.12599900 45.83300000 -91.58499900 3.61435939
13.480315 46.71699900 -93.12599900 45.69800200 -91.46099900 3.58783567
13.480315 46.71699900 -93.12599900 45.87500000 -91.72399900 3.62540544
13.480315 46.71699900 -93.12599900 45.77500200 -91.55600000 3.61080081
13.480315 46.74900100 -93.21099900 45.69800200 -91.46099900 3.56823570
13.480315 46.74900100 -93.21099900 45.83300000 -91.58499900 3.61354955
13.480315 46.74900100 -93.21099900 45.77500200 -91.55600000 3.59952158
13.480315 46.74900100 -93.21099900 45.87500000 -91.72399900 3.61644294
13.629921 46.38999900 -92.55300100 45.41500100 -90.94599900 3.62783496
13.629921 46.38999900 -92.55300100 45.53400000 -91.09600100 3.61966444
13.629921 46.38999900 -92.55300100 45.59000000 -91.28099800 3.65159579
13.629921 46.40000200 -92.65699800 45.53400000 -91.09600100 3.62165653
13.629921 46.40000200 -92.65699800 45.59000000 -91.28099800 3.63512371
13.629921 46.40000200 -92.65699800 45.41500100 -90.94599900 3.61871101
13.629921 46.44599900 -92.68499800 45.59000000 -91.28099800 3.62774897
13.629921 46.44599900 -92.68499800 45.41500100 -90.94599900 3.62072819
13.629921 46.44599900 -92.68499800 45.53400000 -91.09600100 3.62230037
13.629921 46.52700000 -92.83499900 45.59000000 -91.28099800 3.60948754
13.629921 46.52700000 -92.83499900 45.41500100 -90.94599900 3.59243880
13.629921 46.52700000 -92.83499900 45.53400000 -91.09600100 3.60647681
13.629921 46.52700000 -92.83499900 45.69800200 -91.46099900 3.62486903
13.629921 46.61000100 -92.91999800 45.53400000 -91.09600100 3.58913347
13.629921 46.61000100 -92.91999800 45.77500200 -91.55600000 3.62885022
13.629921 46.61000100 -92.91999800 45.69800200 -91.46099900 3.61263543
13.629921 46.61000100 -92.91999800 45.41500100 -90.94599900 3.58097245
13.629921 46.61000100 -92.91999800 45.59000000 -91.28099800 3.59864155
13.629921 46.65700100 -93.03500400 45.83300000 -91.58499900 3.61912852
13.629921 46.65700100 -93.03500400 45.59000000 -91.28099800 3.58707127
13.629921 46.65700100 -93.03500400 45.77500200 -91.55600000 3.61443380
13.629921 46.65700100 -93.03500400 45.69800200 -91.46099900 3.61465002
13.629921 46.71699900 -93.12599900 45.83300000 -91.58499900 3.61988906
13.629921 46.71699900 -93.12599900 45.69800200 -91.46099900 3.59416043
13.629921 46.71699900 -93.12599900 45.87500000 -91.72399900 3.63080813
13.629921 46.71699900 -93.12599900 45.77500200 -91.55600000 3.61725934
13.629921 46.74900100 -93.21099900 45.83300000 -91.58499900 3.61960337
13.629921 46.74900100 -93.21099900 45.77500200 -91.55600000 3.60566034
13.629921 46.74900100 -93.21099900 45.87500000 -91.72399900 3.62167433
13.779528 46.38999900 -92.55300100 45.41500100 -90.94599900 3.63290389
13.779528 46.38999900 -92.55300100 45.53400000 -91.09600100 3.62481124
13.779528 46.38999900 -92.55300100 45.59000000 -91.28099800 3.65734772
13.779528 46.40000200 -92.65699800 45.53400000 -91.09600100 3.62714928
13.779528 46.40000200 -92.65699800 45.69800200 -91.46099900 3.68184169
13.779528 46.40000200 -92.65699800 45.59000000 -91.28099800 3.64157593
13.779528 46.40000200 -92.65699800 45.41500100 -90.94599900 3.62440142
13.779528 46.44599900 -92.68499800 45.59000000 -91.28099800 3.63457962
13.779528 46.44599900 -92.68499800 45.41500100 -90.94599900 3.62654403
13.779528 46.44599900 -92.68499800 45.69800200 -91.46099900 3.67996115
13.779528 46.44599900 -92.68499800 45.53400000 -91.09600100 3.62787719
13.779528 46.52700000 -92.83499900 45.59000000 -91.28099800 3.61565217
13.779528 46.52700000 -92.83499900 45.41500100 -90.94599900 3.59861434
13.779528 46.52700000 -92.83499900 45.77500200 -91.55600000 3.67600515
13.779528 46.52700000 -92.83499900 45.53400000 -91.09600100 3.61219890
13.779528 46.52700000 -92.83499900 45.69800200 -91.46099900 3.63153100
13.779528 46.61000100 -92.91999800 45.83300000 -91.58499900 3.66221070
13.779528 46.61000100 -92.91999800 45.77500200 -91.55600000 3.63514135
13.779528 46.61000100 -92.91999800 45.69800200 -91.46099900 3.61926674
13.779528 46.61000100 -92.91999800 45.59000000 -91.28099800 3.60481821
13.779528 46.65700100 -93.03500400 45.83300000 -91.58499900 3.62390901
13.779528 46.65700100 -93.03500400 45.77500200 -91.55600000 3.62009312
13.779528 46.65700100 -93.03500400 45.69800200 -91.46099900 3.62106857
13.779528 46.71699900 -93.12599900 45.83300000 -91.58499900 3.62541892
13.779528 46.71699900 -93.12599900 45.69800200 -91.46099900 3.60047751
13.779528 46.71699900 -93.12599900 45.87500000 -91.72399900 3.63634648
13.779528 46.71699900 -93.12599900 45.77500200 -91.55600000 3.62370328
13.779528 46.74900100 -93.21099900 45.83300000 -91.58499900 3.62559559
13.779528 46.74900100 -93.21099900 45.77500200 -91.55600000 3.61205492
13.779528 46.74900100 -93.21099900 45.87500000 -91.72399900 3.62673364
13.929134 46.38999900 -92.55300100 45.41500100 -90.94599900 3.63795209
13.929134 46.38999900 -92.55300100 45.53400000 -91.09600100 3.63000253
13.929134 46.38999900 -92.55300100 45.59000000 -91.28099800 3.66308919
13.929134 46.40000200 -92.65699800 45.53400000 -91.09600100 3.63267044
13.929134 46.40000200 -92.65699800 45.69800200 -91.46099900 3.68824838
13.929134 46.40000200 -92.65699800 45.59000000 -91.28099800 3.64807789
13.929134 46.40000200 -92.65699800 45.41500100 -90.94599900 3.63009575
13.929134 46.44599900 -92.68499800 45.59000000 -91.28099800 3.64106424
13.929134 46.44599900 -92.68499800 45.41500100 -90.94599900 3.63238059
13.929134 46.44599900 -92.68499800 45.69800200 -91.46099900 3.68642821
13.929134 46.44599900 -92.68499800 45.53400000 -91.09600100 3.63345967
13.929134 46.52700000 -92.83499900 45.59000000 -91.28099800 3.62186001
13.929134 46.52700000 -92.83499900 45.41500100 -90.94599900 3.60452894
13.929134 46.52700000 -92.83499900 45.77500200 -91.55600000 3.68361985
13.929134 46.52700000 -92.83499900 45.53400000 -91.09600100 3.61794834
13.929134 46.52700000 -92.83499900 45.69800200 -91.46099900 3.63827672
13.929134 46.61000100 -92.91999800 45.83300000 -91.58499900 3.66920860
13.929134 46.61000100 -92.91999800 45.53400000 -91.09600100 3.60195426
13.929134 46.61000100 -92.91999800 45.77500200 -91.55600000 3.64152373
13.929134 46.61000100 -92.91999800 45.69800200 -91.46099900 3.62598703
13.929134 46.61000100 -92.91999800 45.59000000 -91.28099800 3.61101320
13.929134 46.65700100 -93.03500400 45.83300000 -91.58499900 3.62883103
13.929134 46.65700100 -93.03500400 45.77500200 -91.55600000 3.62628181
13.929134 46.65700100 -93.03500400 45.69800200 -91.46099900 3.62750381
13.929134 46.71699900 -93.12599900 45.83300000 -91.58499900 3.63095755
13.929134 46.71699900 -93.12599900 45.69800200 -91.46099900 3.60678571
13.929134 46.71699900 -93.12599900 45.87500000 -91.72399900 3.64202261
13.929134 46.71699900 -93.12599900 45.77500200 -91.55600000 3.62977006
13.929134 46.74900100 -93.21099900 45.83300000 -91.58499900 3.63152702
13.929134 46.74900100 -93.21099900 45.77500200 -91.55600000 3.61842564
13.929134 46.74900100 -93.21099900 45.87500000 -91.72399900 3.63188874
14.07874 46.38999900 -92.55300100 45.41500100 -90.94599900 3.64298294
14.07874 46.38999900 -92.55300100 45.53400000 -91.09600100 3.63524070
14.07874 46.38999900 -92.55300100 45.59000000 -91.28099800 3.66882049
14.07874 46.40000200 -92.65699800 45.53400000 -91.09600100 3.63822089
14.07874 46.40000200 -92.65699800 45.59000000 -91.28099800 3.65462777
14.07874 46.40000200 -92.65699800 45.41500100 -90.94599900 3.63578779
14.07874 46.44599900 -92.68499800 45.59000000 -91.28099800 3.64761836
14.07874 46.44599900 -92.68499800 45.41500100 -90.94599900 3.63823308
14.07874 46.44599900 -92.68499800 45.53400000 -91.09600100 3.63905089
14.07874 46.52700000 -92.83499900 45.59000000 -91.28099800 3.62811373
14.07874 46.52700000 -92.83499900 45.41500100 -90.94599900 3.61053400
14.07874 46.52700000 -92.83499900 45.77500200 -91.55600000 3.69118279
14.07874 46.52700000 -92.83499900 45.53400000 -91.09600100 3.62372346
14.07874 46.52700000 -92.83499900 45.69800200 -91.46099900 3.64510234
14.07874 46.61000100 -92.91999800 45.83300000 -91.58499900 3.67628429
14.07874 46.61000100 -92.91999800 45.53400000 -91.09600100 3.60835488
14.07874 46.61000100 -92.91999800 45.77500200 -91.55600000 3.64799636
14.07874 46.61000100 -92.91999800 45.69800200 -91.46099900 3.63279737
14.07874 46.61000100 -92.91999800 45.59000000 -91.28099800 3.61722866
14.07874 46.65700100 -93.03500400 45.83300000 -91.58499900 3.63473861
14.07874 46.65700100 -93.03500400 45.59000000 -91.28099800 3.60555832
14.07874 46.65700100 -93.03500400 45.77500200 -91.55600000 3.63216905
14.07874 46.65700100 -93.03500400 45.69800200 -91.46099900 3.63395859
14.07874 46.71699900 -93.12599900 45.83300000 -91.58499900 3.63651387
14.07874 46.71699900 -93.12599900 45.69800200 -91.46099900 3.61308555
14.07874 46.71699900 -93.12599900 45.87500000 -91.72399900 3.64837263
14.07874 46.71699900 -93.12599900 45.77500200 -91.55600000 3.63614664
14.07874 46.74900100 -93.21099900 45.83300000 -91.58499900 3.63740012
14.07874 46.74900100 -93.21099900 45.77500200 -91.55600000 3.62476808
14.07874 46.74900100 -93.21099900 45.87500000 -91.72399900 3.63714858
14.228346 46.38999900 -92.55300100 45.41500100 -90.94599900 3.64800109
14.228346 46.38999900 -92.55300100 45.53400000 -91.09600100 3.64052836
14.228346 46.40000200 -92.65699800 45.53400000 -91.09600100 3.64380145
14.228346 46.40000200 -92.65699800 45.59000000 -91.28099800 3.66122353
14.228346 46.40000200 -92.65699800 45.41500100 -90.94599900 3.64147223
14.228346 46.44599900 -92.68499800 45.59000000 -91.28099800 3.65424266
14.228346 46.44599900 -92.68499800 45.41500100 -90.94599900 3.64409676
14.228346 46.44599900 -92.68499800 45.53400000 -91.09600100 3.64465458
14.228346 46.52700000 -92.83499900 45.59000000 -91.28099800 3.63441611
14.228346 46.52700000 -92.83499900 45.41500100 -90.94599900 3.61662731
14.228346 46.52700000 -92.83499900 45.53400000 -91.09600100 3.62952280
14.228346 46.52700000 -92.83499900 45.69800200 -91.46099900 3.65200336
14.228346 46.61000100 -92.91999800 45.53400000 -91.09600100 3.61480717
14.228346 46.61000100 -92.91999800 45.77500200 -91.55600000 3.65455700
14.228346 46.61000100 -92.91999800 45.69800200 -91.46099900 3.63969752
14.228346 46.61000100 -92.91999800 45.41500100 -90.94599900 3.60303391
14.228346 46.61000100 -92.91999800 45.59000000 -91.28099800 3.62346734
14.228346 46.65700100 -93.03500400 45.41500100 -90.94599900 3.59757341
14.228346 46.65700100 -93.03500400 45.83300000 -91.58499900 3.64001567
14.228346 46.65700100 -93.03500400 45.59000000 -91.28099800 3.61180549
14.228346 46.65700100 -93.03500400 45.77500200 -91.55600000 3.63815729
14.228346 46.65700100 -93.03500400 45.69800200 -91.46099900 3.64043606
14.228346 46.65700100 -93.03500400 45.53400000 -91.09600100 3.59932788
14.228346 46.71699900 -93.12599900 45.83300000 -91.58499900 3.64209681
14.228346 46.71699900 -93.12599900 45.69800200 -91.46099900 3.61937889
14.228346 46.71699900 -93.12599900 45.87500000 -91.72399900 3.65432750
14.228346 46.71699900 -93.12599900 45.77500200 -91.55600000 3.64251773
14.228346 46.74900100 -93.21099900 45.69800200 -91.46099900 3.59950864
14.228346 46.74900100 -93.21099900 45.83300000 -91.58499900 3.64321878
14.228346 46.74900100 -93.21099900 45.77500200 -91.55600000 3.63108000
14.228346 46.74900100 -93.21099900 45.87500000 -91.72399900 3.64252063
14.377953 46.38999900 -92.55300100 45.41500100 -90.94599900 3.65301223
14.377953 46.38999900 -92.55300100 45.53400000 -91.09600100 3.64640141
14.377953 46.40000200 -92.65699800 45.53400000 -91.09600100 3.64941303
14.377953 46.40000200 -92.65699800 45.59000000 -91.28099800 3.66786307
14.377953 46.40000200 -92.65699800 45.41500100 -90.94599900 3.64714472
14.377953 46.44599900 -92.68499800 45.59000000 -91.28099800 3.66093743
14.377953 46.44599900 -92.68499800 45.41500100 -90.94599900 3.64996752
14.377953 46.44599900 -92.68499800 45.53400000 -91.09600100 3.65027458
14.377953 46.52700000 -92.83499900 45.59000000 -91.28099800 3.64076946
14.377953 46.52700000 -92.83499900 45.41500100 -90.94599900 3.62280611
14.377953 46.52700000 -92.83499900 45.53400000 -91.09600100 3.63534518
14.377953 46.52700000 -92.83499900 45.69800200 -91.46099900 3.65897463
14.377953 46.61000100 -92.91999800 45.53400000 -91.09600100 3.62130716
14.377953 46.61000100 -92.91999800 45.77500200 -91.55600000 3.66120222
14.377953 46.61000100 -92.91999800 45.69800200 -91.46099900 3.64706677
14.377953 46.61000100 -92.91999800 45.41500100 -90.94599900 3.60865051
14.377953 46.61000100 -92.91999800 45.59000000 -91.28099800 3.62973297
14.377953 46.65700100 -93.03500400 45.41500100 -90.94599900 3.60315294
14.377953 46.65700100 -93.03500400 45.83300000 -91.58499900 3.64546447
14.377953 46.65700100 -93.03500400 45.59000000 -91.28099800 3.61809530
14.377953 46.65700100 -93.03500400 45.77500200 -91.55600000 3.64425345
14.377953 46.65700100 -93.03500400 45.69800200 -91.46099900 3.64693983
14.377953 46.65700100 -93.03500400 45.53400000 -91.09600100 3.60543685
14.377953 46.71699900 -93.12599900 45.83300000 -91.58499900 3.64771545
14.377953 46.71699900 -93.12599900 45.69800200 -91.46099900 3.62566920
14.377953 46.71699900 -93.12599900 45.87500000 -91.72399900 3.66041736
14.377953 46.71699900 -93.12599900 45.77500200 -91.55600000 3.64888884
14.377953 46.74900100 -93.21099900 45.69800200 -91.46099900 3.60589901
14.377953 46.74900100 -93.21099900 45.83300000 -91.58499900 3.64898827
14.377953 46.74900100 -93.21099900 45.77500200 -91.55600000 3.63736083
14.377953 46.74900100 -93.21099900 45.87500000 -91.72399900 3.64856806
14.527559 46.38999900 -92.55300100 45.41500100 -90.94599900 3.65802292
14.527559 46.38999900 -92.55300100 45.53400000 -91.09600100 3.65181489
14.527559 46.38999900 -92.55300100 45.59000000 -91.28099800 3.68596858
14.527559 46.40000200 -92.65699800 45.53400000 -91.09600100 3.65505648
14.527559 46.40000200 -92.65699800 45.59000000 -91.28099800 3.67454400
14.527559 46.40000200 -92.65699800 45.41500100 -90.94599900 3.65280208
14.527559 46.44599900 -92.68499800 45.59000000 -91.28099800 3.66770222
14.527559 46.44599900 -92.68499800 45.41500100 -90.94599900 3.65584163
14.527559 46.44599900 -92.68499800 45.53400000 -91.09600100 3.65591491
14.527559 46.52700000 -92.83499900 45.59000000 -91.28099800 3.64717621
14.527559 46.52700000 -92.83499900 45.41500100 -90.94599900 3.62906705
14.527559 46.52700000 -92.83499900 45.53400000 -91.09600100 3.64118998
14.527559 46.52700000 -92.83499900 45.69800200 -91.46099900 3.66601054
14.527559 46.61000100 -92.91999800 45.53400000 -91.09600100 3.62785129
14.527559 46.61000100 -92.91999800 45.77500200 -91.55600000 3.66792764
14.527559 46.61000100 -92.91999800 45.69800200 -91.46099900 3.65415327
14.527559 46.61000100 -92.91999800 45.41500100 -90.94599900 3.61489861
14.527559 46.61000100 -92.91999800 45.59000000 -91.28099800 3.63602959
14.527559 46.65700100 -93.03500400 45.41500100 -90.94599900 3.60880221
14.527559 46.65700100 -93.03500400 45.83300000 -91.58499900 3.65198630
14.527559 46.65700100 -93.03500400 45.59000000 -91.28099800 3.62442866
14.527559 46.65700100 -93.03500400 45.77500200 -91.55600000 3.65046299
14.527559 46.65700100 -93.03500400 45.69800200 -91.46099900 3.65347359
14.527559 46.65700100 -93.03500400 45.53400000 -91.09600100 3.61163119
14.527559 46.71699900 -93.12599900 45.83300000 -91.58499900 3.65337850
14.527559 46.71699900 -93.12599900 45.69800200 -91.46099900 3.63196128
14.527559 46.71699900 -93.12599900 45.87500000 -91.72399900 3.66663928
14.527559 46.71699900 -93.12599900 45.77500200 -91.55600000 3.65526641
14.527559 46.74900100 -93.21099900 45.69800200 -91.46099900 3.61232661
14.527559 46.74900100 -93.21099900 45.83300000 -91.58499900 3.65422997
14.527559 46.74900100 -93.21099900 45.77500200 -91.55600000 3.64361206
14.527559 46.74900100 -93.21099900 45.87500000 -91.72399900 3.65422567
14.677165 46.38999900 -92.55300100 45.41500100 -90.94599900 3.66304044
14.677165 46.38999900 -92.55300100 45.53400000 -91.09600100 3.65728880
14.677165 46.38999900 -92.55300100 45.59000000 -91.28099800 3.69167835
14.677165 46.40000200 -92.65699800 45.53400000 -91.09600100 3.66073263
14.677165 46.40000200 -92.65699800 45.69800200 -91.46099900 3.71808550
14.677165 46.40000200 -92.65699800 45.59000000 -91.28099800 3.68126392
14.677165 46.40000200 -92.65699800 45.41500100 -90.94599900 3.65844230
14.677165 46.44599900 -92.68499800 45.59000000 -91.28099800 3.67453586
14.677165 46.44599900 -92.68499800 45.41500100 -90.94599900 3.66171615
14.677165 46.44599900 -92.68499800 45.69800200 -91.46099900 3.71869243
14.677165 46.44599900 -92.68499800 45.53400000 -91.09600100 3.66157963
14.677165 46.52700000 -92.83499900 45.59000000 -91.28099800 3.65363827
14.677165 46.52700000 -92.83499900 45.41500100 -90.94599900 3.63565555
14.677165 46.52700000 -92.83499900 45.77500200 -91.55600000 3.72034042
14.677165 46.52700000 -92.83499900 45.53400000 -91.09600100 3.64705678
14.677165 46.52700000 -92.83499900 45.69800200 -91.46099900 3.67310520
14.677165 46.61000100 -92.91999800 45.83300000 -91.58499900 3.70509965
14.677165 46.61000100 -92.91999800 45.53400000 -91.09600100 3.63443640
14.677165 46.61000100 -92.91999800 45.77500200 -91.55600000 3.67472810
14.677165 46.61000100 -92.91999800 45.69800200 -91.46099900 3.66132298
14.677165 46.61000100 -92.91999800 45.41500100 -90.94599900 3.62071699
14.677165 46.61000100 -92.91999800 45.59000000 -91.28099800 3.64236181
14.677165 46.65700100 -93.03500400 45.83300000 -91.58499900 3.65782694
14.677165 46.65700100 -93.03500400 45.59000000 -91.28099800 3.63080682
14.677165 46.65700100 -93.03500400 45.77500200 -91.55600000 3.65742363
14.677165 46.65700100 -93.03500400 45.69800200 -91.46099900 3.66004107
14.677165 46.71699900 -93.12599900 45.83300000 -91.58499900 3.65909437
14.677165 46.71699900 -93.12599900 45.69800200 -91.46099900 3.63826090
14.677165 46.71699900 -93.12599900 45.87500000 -91.72399900 3.67298931
14.677165 46.71699900 -93.12599900 45.77500200 -91.55600000 3.66165717
14.677165 46.74900100 -93.21099900 45.69800200 -91.46099900 3.61878893
14.677165 46.74900100 -93.21099900 45.83300000 -91.58499900 3.65985946
14.677165 46.74900100 -93.21099900 45.77500200 -91.55600000 3.64983682
14.677165 46.74900100 -93.21099900 45.87500000 -91.72399900 3.66000636
14.826772 46.38999900 -92.55300100 45.41500100 -90.94599900 3.66807257
14.826772 46.38999900 -92.55300100 45.53400000 -91.09600100 3.66282643
14.826772 46.38999900 -92.55300100 45.59000000 -91.28099800 3.69739130
14.826772 46.40000200 -92.65699800 45.53400000 -91.09600100 3.66644227
14.826772 46.40000200 -92.65699800 45.69800200 -91.46099900 3.72386888
14.826772 46.40000200 -92.65699800 45.59000000 -91.28099800 3.68802036
14.826772 46.40000200 -92.65699800 45.41500100 -90.94599900 3.66406462
14.826772 46.44599900 -92.68499800 45.59000000 -91.28099800 3.68143667
14.826772 46.44599900 -92.68499800 45.41500100 -90.94599900 3.66758876
14.826772 46.44599900 -92.68499800 45.69800200 -91.46099900 3.72434741
14.826772 46.44599900 -92.68499800 45.53400000 -91.09600100 3.66727287
14.826772 46.52700000 -92.83499900 45.59000000 -91.28099800 3.66015720
14.826772 46.52700000 -92.83499900 45.41500100 -90.94599900 3.64205473
14.826772 46.52700000 -92.83499900 45.53400000 -91.09600100 3.65294577
14.826772 46.52700000 -92.83499900 45.69800200 -91.46099900 3.68025221
14.826772 46.61000100 -92.91999800 45.83300000 -91.58499900 3.71236778
14.826772 46.61000100 -92.91999800 45.53400000 -91.09600100 3.64105988
14.826772 46.61000100 -92.91999800 45.77500200 -91.55600000 3.68159760
14.826772 46.61000100 -92.91999800 45.69800200 -91.46099900 3.66857184
14.826772 46.61000100 -92.91999800 45.41500100 -90.94599900 3.62663479
14.826772 46.61000100 -92.91999800 45.59000000 -91.28099800 3.64873436
14.826772 46.65700100 -93.03500400 45.83300000 -91.58499900 3.66385539
14.826772 46.65700100 -93.03500400 45.59000000 -91.28099800 3.63723112
14.826772 46.65700100 -93.03500400 45.77500200 -91.55600000 3.66390637
14.826772 46.65700100 -93.03500400 45.69800200 -91.46099900 3.66664597
14.826772 46.65700100 -93.03500400 45.53400000 -91.09600100 3.62472360
14.826772 46.71699900 -93.12599900 45.83300000 -91.58499900 3.66575621
14.826772 46.71699900 -93.12599900 45.69800200 -91.46099900 3.64457495
14.826772 46.71699900 -93.12599900 45.87500000 -91.72399900 3.68001244
14.826772 46.71699900 -93.12599900 45.77500200 -91.55600000 3.66806819
14.826772 46.74900100 -93.21099900 45.69800200 -91.46099900 3.62528400
14.826772 46.74900100 -93.21099900 45.83300000 -91.58499900 3.66545952
14.826772 46.74900100 -93.21099900 45.77500200 -91.55600000 3.65603962
14.826772 46.74900100 -93.21099900 45.87500000 -91.72399900 3.66591088
14.976378 46.38999900 -92.55300100 45.41500100 -90.94599900 3.67343153
14.976378 46.38999900 -92.55300100 45.53400000 -91.09600100 3.66843079
14.976378 46.38999900 -92.55300100 45.59000000 -91.28099800 3.70311215
14.976378 46.40000200 -92.65699800 45.53400000 -91.09600100 3.67218608
14.976378 46.40000200 -92.65699800 45.69800200 -91.46099900 3.72957763
14.976378 46.40000200 -92.65699800 45.59000000 -91.28099800 3.69481096
14.976378 46.40000200 -92.65699800 45.41500100 -90.94599900 3.66966930
14.976378 46.44599900 -92.68499800 45.59000000 -91.28099800 3.68840198
14.976378 46.44599900 -92.68499800 45.41500100 -90.94599900 3.67322787
14.976378 46.44599900 -92.68499800 45.69800200 -91.46099900 3.73038745
14.976378 46.44599900 -92.68499800 45.53400000 -91.09600100 3.67299854
14.976378 46.52700000 -92.83499900 45.59000000 -91.28099800 3.66673422
14.976378 46.52700000 -92.83499900 45.41500100 -90.94599900 3.64852470
14.976378 46.52700000 -92.83499900 45.53400000 -91.09600100 3.65919772
14.976378 46.52700000 -92.83499900 45.69800200 -91.46099900 3.68744531
14.976378 46.61000100 -92.91999800 45.83300000 -91.58499900 3.71963924
14.976378 46.61000100 -92.91999800 45.53400000 -91.09600100 3.64771932
14.976378 46.61000100 -92.91999800 45.77500200 -91.55600000 3.68852963
14.976378 46.61000100 -92.91999800 45.69800200 -91.46099900 3.67589440
14.976378 46.61000100 -92.91999800 45.41500100 -90.94599900 3.63265347
14.976378 46.61000100 -92.91999800 45.59000000 -91.28099800 3.65553585
14.976378 46.65700100 -93.03500400 45.83300000 -91.58499900 3.67101097
14.976378 46.65700100 -93.03500400 45.59000000 -91.28099800 3.64383063
14.976378 46.65700100 -93.03500400 45.77500200 -91.55600000 3.67050827
14.976378 46.65700100 -93.03500400 45.69800200 -91.46099900 3.67329165
14.976378 46.65700100 -93.03500400 45.53400000 -91.09600100 3.63115868
14.976378 46.71699900 -93.12599900 45.83300000 -91.58499900 3.67166864
14.976378 46.71699900 -93.12599900 45.69800200 -91.46099900 3.65091081
14.976378 46.71699900 -93.12599900 45.87500000 -91.72399900 3.68661842
14.976378 46.71699900 -93.12599900 45.77500200 -91.55600000 3.67450638
14.976378 46.74900100 -93.21099900 45.69800200 -91.46099900 3.63181042
14.976378 46.74900100 -93.21099900 45.83300000 -91.58499900 3.67103910
14.976378 46.74900100 -93.21099900 45.77500200 -91.55600000 3.66222628
14.976378 46.74900100 -93.21099900 45.87500000 -91.72399900 3.67265931
15.125984 46.38999900 -92.55300100 45.41500100 -90.94599900 3.67856159
15.125984 46.38999900 -92.55300100 45.53400000 -91.09600100 3.67410472
15.125984 46.38999900 -92.55300100 45.59000000 -91.28099800 3.70884610
15.125984 46.40000200 -92.65699800 45.53400000 -91.09600100 3.67796473
15.125984 46.40000200 -92.65699800 45.59000000 -91.28099800 3.70163334
15.125984 46.40000200 -92.65699800 45.41500100 -90.94599900 3.67525794
15.125984 46.44599900 -92.68499800 45.59000000 -91.28099800 3.69542858
15.125984 46.44599900 -92.68499800 45.41500100 -90.94599900 3.67906737
15.125984 46.44599900 -92.68499800 45.69800200 -91.46099900 3.73634415
15.125984 46.44599900 -92.68499800 45.53400000 -91.09600100 3.67876045
15.125984 46.52700000 -92.83499900 45.59000000 -91.28099800 3.67336997
15.125984 46.52700000 -92.83499900 45.41500100 -90.94599900 3.65506087
15.125984 46.52700000 -92.83499900 45.77500200 -91.55600000 3.74088061
15.125984 46.52700000 -92.83499900 45.53400000 -91.09600100 3.66515346
15.125984 46.52700000 -92.83499900 45.69800200 -91.46099900 3.69467805
15.125984 46.61000100 -92.91999800 45.83300000 -91.58499900 3.72690507
15.125984 46.61000100 -92.91999800 45.53400000 -91.09600100 3.65441277
15.125984 46.61000100 -92.91999800 45.77500200 -91.55600000 3.69551744
15.125984 46.61000100 -92.91999800 45.69800200 -91.46099900 3.68328454
15.125984 46.61000100 -92.91999800 45.41500100 -90.94599900 3.63933033
15.125984 46.61000100 -92.91999800 45.59000000 -91.28099800 3.66200454
15.125984 46.65700100 -93.03500400 45.83300000 -91.58499900 3.67744220
15.125984 46.65700100 -93.03500400 45.59000000 -91.28099800 3.65036570
15.125984 46.65700100 -93.03500400 45.77500200 -91.55600000 3.67722874
15.125984 46.65700100 -93.03500400 45.69800200 -91.46099900 3.67998120
15.125984 46.65700100 -93.03500400 45.53400000 -91.09600100 3.63767420
15.125984 46.71699900 -93.12599900 45.83300000 -91.58499900 3.67765393
15.125984 46.71699900 -93.12599900 45.69800200 -91.46099900 3.65727641
15.125984 46.71699900 -93.12599900 45.87500000 -91.72399900 3.69333901
15.125984 46.71699900 -93.12599900 45.77500200 -91.55600000 3.68097836
15.125984 46.74900100 -93.21099900 45.69800200 -91.46099900 3.63836758
15.125984 46.74900100 -93.21099900 45.83300000 -91.58499900 3.67660729
15.125984 46.74900100 -93.21099900 45.77500200 -91.55600000 3.66840356
15.125984 46.74900100 -93.21099900 45.87500000 -91.72399900 3.67885279
15.275591 46.38999900 -92.55300100 45.41500100 -90.94599900 3.68373585
15.275591 46.38999900 -92.55300100 45.53400000 -91.09600100 3.67985080
15.275591 46.38999900 -92.55300100 45.59000000 -91.28099800 3.71459873
15.275591 46.40000200 -92.65699800 45.53400000 -91.09600100 3.68377881
15.275591 46.40000200 -92.65699800 45.59000000 -91.28099800 3.70848558
15.275591 46.40000200 -92.65699800 45.41500100 -90.94599900 3.68083299
15.275591 46.44599900 -92.68499800 45.59000000 -91.28099800 3.70251267
15.275591 46.44599900 -92.68499800 45.41500100 -90.94599900 3.68489863
15.275591 46.44599900 -92.68499800 45.69800200 -91.46099900 3.74222498
15.275591 46.44599900 -92.68499800 45.53400000 -91.09600100 3.68526134
15.275591 46.52700000 -92.83499900 45.59000000 -91.28099800 3.68056223
15.275591 46.52700000 -92.83499900 45.41500100 -90.94599900 3.66165834
15.275591 46.52700000 -92.83499900 45.53400000 -91.09600100 3.67113771
15.275591 46.52700000 -92.83499900 45.69800200 -91.46099900 3.70194410
15.275591 46.61000100 -92.91999800 45.83300000 -91.58499900 3.73415809
15.275591 46.61000100 -92.91999800 45.53400000 -91.09600100 3.66113852
15.275591 46.61000100 -92.91999800 45.77500200 -91.55600000 3.70255414
15.275591 46.61000100 -92.91999800 45.69800200 -91.46099900 3.69073495
15.275591 46.61000100 -92.91999800 45.41500100 -90.94599900 3.64556139
15.275591 46.61000100 -92.91999800 45.59000000 -91.28099800 3.66853016
15.275591 46.65700100 -93.03500400 45.41500100 -90.94599900 3.63869922
15.275591 46.65700100 -93.03500400 45.83300000 -91.58499900 3.68406045
15.275591 46.65700100 -93.03500400 45.59000000 -91.28099800 3.65695607
15.275591 46.65700100 -93.03500400 45.77500200 -91.55600000 3.68406561
15.275591 46.65700100 -93.03500400 45.69800200 -91.46099900 3.68671701
15.275591 46.65700100 -93.03500400 45.53400000 -91.09600100 3.64426784
15.275591 46.71699900 -93.12599900 45.83300000 -91.58499900 3.68371758
15.275591 46.71699900 -93.12599900 45.69800200 -91.46099900 3.66367993
15.275591 46.71699900 -93.12599900 45.87500000 -91.72399900 3.70016716
15.275591 46.71699900 -93.12599900 45.77500200 -91.55600000 3.68823809
15.275591 46.71699900 -93.12599900 45.59000000 -91.28099800 3.63111702
15.275591 46.74900100 -93.21099900 45.69800200 -91.46099900 3.64495531
15.275591 46.74900100 -93.21099900 45.83300000 -91.58499900 3.68217349
15.275591 46.74900100 -93.21099900 45.77500200 -91.55600000 3.67457899
15.275591 46.74900100 -93.21099900 45.87500000 -91.72399900 3.68516325
15.425197 46.38999900 -92.55300100 45.41500100 -90.94599900 3.68896209
15.425197 46.38999900 -92.55300100 45.53400000 -91.09600100 3.68567133
15.425197 46.38999900 -92.55300100 45.59000000 -91.28099800 3.72037606
15.425197 46.40000200 -92.65699800 45.53400000 -91.09600100 3.69051473
15.425197 46.40000200 -92.65699800 45.59000000 -91.28099800 3.71536566
15.425197 46.40000200 -92.65699800 45.41500100 -90.94599900 3.68639780
15.425197 46.44599900 -92.68499800 45.59000000 -91.28099800 3.70964993
15.425197 46.44599900 -92.68499800 45.41500100 -90.94599900 3.69072274
15.425197 46.44599900 -92.68499800 45.69800200 -91.46099900 3.74803933
15.425197 46.44599900 -92.68499800 45.53400000 -91.09600100 3.69113871
15.425197 46.52700000 -92.83499900 45.59000000 -91.28099800 3.68732749
15.425197 46.52700000 -92.83499900 45.41500100 -90.94599900 3.66831184
15.425197 46.52700000 -92.83499900 45.77500200 -91.55600000 3.75410152
15.425197 46.52700000 -92.83499900 45.53400000 -91.09600100 3.67715236
15.425197 46.52700000 -92.83499900 45.69800200 -91.46099900 3.70923767
15.425197 46.61000100 -92.91999800 45.83300000 -91.58499900 3.74139283
15.425197 46.61000100 -92.91999800 45.53400000 -91.09600100 3.66789527
15.425197 46.61000100 -92.91999800 45.77500200 -91.55600000 3.70963282
15.425197 46.61000100 -92.91999800 45.69800200 -91.46099900 3.69823765
15.425197 46.61000100 -92.91999800 45.41500100 -90.94599900 3.65189331
15.425197 46.61000100 -92.91999800 45.59000000 -91.28099800 3.67511720
15.425197 46.65700100 -93.03500400 45.41500100 -90.94599900 3.64482857
15.425197 46.65700100 -93.03500400 45.83300000 -91.58499900 3.69184644
15.425197 46.65700100 -93.03500400 45.59000000 -91.28099800 3.66360302
15.425197 46.65700100 -93.03500400 45.77500200 -91.55600000 3.69181242
15.425197 46.65700100 -93.03500400 45.69800200 -91.46099900 3.69350107
15.425197 46.65700100 -93.03500400 45.53400000 -91.09600100 3.65093694
15.425197 46.71699900 -93.12599900 45.83300000 -91.58499900 3.68986430
15.425197 46.71699900 -93.12599900 45.69800200 -91.46099900 3.67012937
15.425197 46.71699900 -93.12599900 45.87500000 -91.72399900 3.70709537
15.425197 46.71699900 -93.12599900 45.77500200 -91.55600000 3.69483347
15.425197 46.71699900 -93.12599900 45.59000000 -91.28099800 3.63799248
15.425197 46.74900100 -93.21099900 45.69800200 -91.46099900 3.65157427
15.425197 46.74900100 -93.21099900 45.83300000 -91.58499900 3.68774693
15.425197 46.74900100 -93.21099900 45.77500200 -91.55600000 3.68076050
15.425197 46.74900100 -93.21099900 45.87500000 -91.72399900 3.69158550
15.574803 46.38999900 -92.55300100 45.41500100 -90.94599900 3.69424778
15.574803 46.38999900 -92.55300100 45.53400000 -91.09600100 3.69232787
15.574803 46.38999900 -92.55300100 45.59000000 -91.28099800 3.72618423
15.574803 46.40000200 -92.65699800 45.53400000 -91.09600100 3.69643823
15.574803 46.40000200 -92.65699800 45.59000000 -91.28099800 3.72227213
15.574803 46.40000200 -92.65699800 45.41500100 -90.94599900 3.69195666
15.574803 46.44599900 -92.68499800 45.59000000 -91.28099800 3.71683546
15.574803 46.44599900 -92.68499800 45.41500100 -90.94599900 3.69654184
15.574803 46.44599900 -92.68499800 45.69800200 -91.46099900 3.75379817
15.574803 46.44599900 -92.68499800 45.53400000 -91.09600100 3.69706312
15.574803 46.52700000 -92.83499900 45.59000000 -91.28099800 3.69415089
15.574803 46.52700000 -92.83499900 45.41500100 -90.94599900 3.67501609
15.574803 46.52700000 -92.83499900 45.77500200 -91.55600000 3.76054472
15.574803 46.52700000 -92.83499900 45.53400000 -91.09600100 3.68319968
15.574803 46.52700000 -92.83499900 45.69800200 -91.46099900 3.71655298
15.574803 46.61000100 -92.91999800 45.83300000 -91.58499900 3.74860560
15.574803 46.61000100 -92.91999800 45.53400000 -91.09600100 3.67468181
15.574803 46.61000100 -92.91999800 45.77500200 -91.55600000 3.71707654
15.574803 46.61000100 -92.91999800 45.69800200 -91.46099900 3.70578393
15.574803 46.61000100 -92.91999800 45.41500100 -90.94599900 3.65832456
15.574803 46.61000100 -92.91999800 45.59000000 -91.28099800 3.68176948
15.574803 46.65700100 -93.03500400 45.41500100 -90.94599900 3.65104071
15.574803 46.65700100 -93.03500400 45.83300000 -91.58499900 3.69885067
15.574803 46.65700100 -93.03500400 45.59000000 -91.28099800 3.67030760
15.574803 46.65700100 -93.03500400 45.77500200 -91.55600000 3.69890538
15.574803 46.65700100 -93.03500400 45.69800200 -91.46099900 3.70033449
15.574803 46.65700100 -93.03500400 45.53400000 -91.09600100 3.65767838
15.574803 46.71699900 -93.12599900 45.83300000 -91.58499900 3.69609782
15.574803 46.71699900 -93.12599900 45.69800200 -91.46099900 3.67719595
15.574803 46.71699900 -93.12599900 45.87500000 -91.72399900 3.71411584
15.574803 46.71699900 -93.12599900 45.77500200 -91.55600000 3.70147762
15.574803 46.71699900 -93.12599900 45.59000000 -91.28099800 3.64493613
15.574803 46.74900100 -93.21099900 45.69800200 -91.46099900 3.65822552
15.574803 46.74900100 -93.21099900 45.83300000 -91.58499900 3.69333680
15.574803 46.74900100 -93.21099900 45.77500200 -91.55600000 3.68695619
15.574803 46.74900100 -93.21099900 45.87500000 -91.72399900 3.69811321
15.724409 46.38999900 -92.55300100 45.41500100 -90.94599900 3.69959997
15.724409 46.38999900 -92.55300100 45.53400000 -91.09600100 3.69834960
15.724409 46.38999900 -92.55300100 45.59000000 -91.28099800 3.73202968
15.724409 46.40000200 -92.65699800 45.53400000 -91.09600100 3.70240117
15.724409 46.40000200 -92.65699800 45.59000000 -91.28099800 3.72920383
15.724409 46.40000200 -92.65699800 45.41500100 -90.94599900 3.69751426
15.724409 46.44599900 -92.68499800 45.59000000 -91.28099800 3.72406419
15.724409 46.44599900 -92.68499800 45.41500100 -90.94599900 3.70235872
15.724409 46.44599900 -92.68499800 45.69800200 -91.46099900 3.75951392
15.724409 46.44599900 -92.68499800 45.53400000 -91.09600100 3.70303707
15.724409 46.52700000 -92.83499900 45.59000000 -91.28099800 3.70103087
15.724409 46.52700000 -92.83499900 45.41500100 -90.94599900 3.68176554
15.724409 46.52700000 -92.83499900 45.77500200 -91.55600000 3.76689211
15.724409 46.52700000 -92.83499900 45.53400000 -91.09600100 3.68928204
15.724409 46.52700000 -92.83499900 45.69800200 -91.46099900 3.72388501
15.724409 46.61000100 -92.91999800 45.83300000 -91.58499900 3.75579444
15.724409 46.61000100 -92.91999800 45.53400000 -91.09600100 3.68149720
15.724409 46.61000100 -92.91999800 45.77500200 -91.55600000 3.72389006
15.724409 46.61000100 -92.91999800 45.69800200 -91.46099900 3.71336478
15.724409 46.61000100 -92.91999800 45.41500100 -90.94599900 3.66543857
15.724409 46.61000100 -92.91999800 45.59000000 -91.28099800 3.68849041
15.724409 46.65700100 -93.03500400 45.41500100 -90.94599900 3.65793519
15.724409 46.65700100 -93.03500400 45.83300000 -91.58499900 3.70602492
15.724409 46.65700100 -93.03500400 45.59000000 -91.28099800 3.67707062
15.724409 46.65700100 -93.03500400 45.77500200 -91.55600000 3.70610012
15.724409 46.65700100 -93.03500400 45.69800200 -91.46099900 3.70721771
15.724409 46.65700100 -93.03500400 45.53400000 -91.09600100 3.66448872
15.724409 46.71699900 -93.12599900 45.83300000 -91.58499900 3.70242065
15.724409 46.71699900 -93.12599900 45.69800200 -91.46099900 3.68378557
15.724409 46.71699900 -93.12599900 45.87500000 -91.72399900 3.72122090
15.724409 46.71699900 -93.12599900 45.77500200 -91.55600000 3.70817410
15.724409 46.71699900 -93.12599900 45.59000000 -91.28099800 3.65194479
15.724409 46.74900100 -93.21099900 45.69800200 -91.46099900 3.66491071
15.724409 46.74900100 -93.21099900 45.83300000 -91.58499900 3.69895183
15.724409 46.74900100 -93.21099900 45.77500200 -91.55600000 3.69317404
15.724409 46.74900100 -93.21099900 45.87500000 -91.72399900 3.70473905
15.874016 46.38999900 -92.55300100 45.41500100 -90.94599900 3.70564422
15.874016 46.38999900 -92.55300100 45.53400000 -91.09600100 3.70445458
15.874016 46.38999900 -92.55300100 45.59000000 -91.28099800 3.73791890
15.874016 46.40000200 -92.65699800 45.53400000 -91.09600100 3.70840389
15.874016 46.40000200 -92.65699800 45.59000000 -91.28099800 3.73616007
15.874016 46.40000200 -92.65699800 45.41500100 -90.94599900 3.70307601
15.874016 46.44599900 -92.68499800 45.59000000 -91.28099800 3.73133078
15.874016 46.44599900 -92.68499800 45.41500100 -90.94599900 3.70817695
15.874016 46.44599900 -92.68499800 45.53400000 -91.09600100 3.70906260
15.874016 46.52700000 -92.83499900 45.59000000 -91.28099800 3.70796512
15.874016 46.52700000 -92.83499900 45.41500100 -90.94599900 3.68855482
15.874016 46.52700000 -92.83499900 45.77500200 -91.55600000 3.77250835
15.874016 46.52700000 -92.83499900 45.53400000 -91.09600100 3.69540202
15.874016 46.52700000 -92.83499900 45.69800200 -91.46099900 3.73122906
15.874016 46.61000100 -92.91999800 45.83300000 -91.58499900 3.76295910
15.874016 46.61000100 -92.91999800 45.53400000 -91.09600100 3.68834075
15.874016 46.61000100 -92.91999800 45.77500200 -91.55600000 3.73105672
15.874016 46.61000100 -92.91999800 45.69800200 -91.46099900 3.72097056
15.874016 46.61000100 -92.91999800 45.41500100 -90.94599900 3.67207231
15.874016 46.61000100 -92.91999800 45.59000000 -91.28099800 3.69528264
15.874016 46.65700100 -93.03500400 45.41500100 -90.94599900 3.66434067
15.874016 46.65700100 -93.03500400 45.83300000 -91.58499900 3.71441488
15.874016 46.65700100 -93.03500400 45.59000000 -91.28099800 3.68389265
15.874016 46.65700100 -93.03500400 45.77500200 -91.55600000 3.71338945
15.874016 46.65700100 -93.03500400 45.87500000 -91.72399900 3.77661484
15.874016 46.65700100 -93.03500400 45.69800200 -91.46099900 3.71415036
15.874016 46.65700100 -93.03500400 45.53400000 -91.09600100 3.67136410
15.874016 46.71699900 -93.12599900 45.83300000 -91.58499900 3.71014747
15.874016 46.71699900 -93.12599900 45.69800200 -91.46099900 3.69044393
15.874016 46.71699900 -93.12599900 45.87500000 -91.72399900 3.72840264
15.874016 46.71699900 -93.12599900 45.77500200 -91.55600000 3.71492547
15.874016 46.71699900 -93.12599900 45.59000000 -91.28099800 3.65901533
15.874016 46.74900100 -93.21099900 45.69800200 -91.46099900 3.67163196
15.874016 46.74900100 -93.21099900 45.83300000 -91.58499900 3.70460028
15.874016 46.74900100 -93.21099900 45.77500200 -91.55600000 3.69942181
15.874016 46.74900100 -93.21099900 45.87500000 -91.72399900 3.71246472
16.023622 46.38999900 -92.55300100 45.41500100 -90.94599900 3.71121607
16.023622 46.38999900 -92.55300100 45.53400000 -91.09600100 3.71064342
16.023622 46.38999900 -92.55300100 45.59000000 -91.28099800 3.74385848
16.023622 46.40000200 -92.65699800 45.53400000 -91.09600100 3.71444685
16.023622 46.40000200 -92.65699800 45.59000000 -91.28099800 3.74314047
16.023622 46.40000200 -92.65699800 45.41500100 -90.94599900 3.70864758
16.023622 46.44599900 -92.68499800 45.59000000 -91.28099800 3.73862975
16.023622 46.44599900 -92.68499800 45.41500100 -90.94599900 3.71400050
16.023622 46.44599900 -92.68499800 45.53400000 -91.09600100 3.71514127
16.023622 46.52700000 -92.83499900 45.59000000 -91.28099800 3.71495056
16.023622 46.52700000 -92.83499900 45.41500100 -90.94599900 3.69537858
16.023622 46.52700000 -92.83499900 45.77500200 -91.55600000 3.77861600
16.023622 46.52700000 -92.83499900 45.53400000 -91.09600100 3.70156235
16.023622 46.52700000 -92.83499900 45.69800200 -91.46099900 3.73858127
16.023622 46.61000100 -92.91999800 45.83300000 -91.58499900 3.77010092
16.023622 46.61000100 -92.91999800 45.53400000 -91.09600100 3.69521184
16.023622 46.61000100 -92.91999800 45.77500200 -91.55600000 3.73824182
16.023622 46.61000100 -92.91999800 45.69800200 -91.46099900 3.72859171
16.023622 46.61000100 -92.91999800 45.41500100 -90.94599900 3.67879633
16.023622 46.61000100 -92.91999800 45.59000000 -91.28099800 3.70214808
16.023622 46.65700100 -93.03500400 45.41500100 -90.94599900 3.67083114
16.023622 46.65700100 -93.03500400 45.83300000 -91.58499900 3.72193494
16.023622 46.65700100 -93.03500400 45.59000000 -91.28099800 3.69077399
16.023622 46.65700100 -93.03500400 45.77500200 -91.55600000 3.72076502
16.023622 46.65700100 -93.03500400 45.87500000 -91.72399900 3.78377512
16.023622 46.65700100 -93.03500400 45.69800200 -91.46099900 3.72113108
16.023622 46.65700100 -93.03500400 45.53400000 -91.09600100 3.67875340
16.023622 46.71699900 -93.12599900 45.83300000 -91.58499900 3.71670865
16.023622 46.71699900 -93.12599900 45.69800200 -91.46099900 3.69717672
16.023622 46.71699900 -93.12599900 45.87500000 -91.72399900 3.73650327
16.023622 46.71699900 -93.12599900 45.77500200 -91.55600000 3.72173316
16.023622 46.71699900 -93.12599900 45.59000000 -91.28099800 3.66614482
16.023622 46.74900100 -93.21099900 45.69800200 -91.46099900 3.67839162
16.023622 46.74900100 -93.21099900 45.83300000 -91.58499900 3.71143051
16.023622 46.74900100 -93.21099900 45.77500200 -91.55600000 3.70570681
16.023622 46.74900100 -93.21099900 45.87500000 -91.72399900 3.71931883
16.173228 46.38999900 -92.55300100 45.41500100 -90.94599900 3.71687520
16.173228 46.38999900 -92.55300100 45.53400000 -91.09600100 3.71691642
16.173228 46.38999900 -92.55300100 45.59000000 -91.28099800 3.74985503
16.173228 46.40000200 -92.65699800 45.53400000 -91.09600100 3.72053013
16.173228 46.40000200 -92.65699800 45.59000000 -91.28099800 3.75014535
16.173228 46.40000200 -92.65699800 45.41500100 -90.94599900 3.71423493
16.173228 46.44599900 -92.68499800 45.59000000 -91.28099800 3.74595573
16.173228 46.44599900 -92.68499800 45.41500100 -90.94599900 3.71983406
16.173228 46.44599900 -92.68499800 45.53400000 -91.09600100 3.72127417
16.173228 46.52700000 -92.83499900 45.59000000 -91.28099800 3.72198374
16.173228 46.52700000 -92.83499900 45.41500100 -90.94599900 3.70223167
16.173228 46.52700000 -92.83499900 45.53400000 -91.09600100 3.70776571
16.173228 46.52700000 -92.83499900 45.69800200 -91.46099900 3.74593828
16.173228 46.61000100 -92.91999800 45.83300000 -91.58499900 3.77658321
16.173228 46.61000100 -92.91999800 45.53400000 -91.09600100 3.70211014
16.173228 46.61000100 -92.91999800 45.77500200 -91.55600000 3.74544097
16.173228 46.61000100 -92.91999800 45.69800200 -91.46099900 3.73621848
16.173228 46.61000100 -92.91999800 45.41500100 -90.94599900 3.68560603
16.173228 46.61000100 -92.91999800 45.59000000 -91.28099800 3.70908797
16.173228 46.65700100 -93.03500400 45.41500100 -90.94599900 3.67740617
16.173228 46.65700100 -93.03500400 45.83300000 -91.58499900 3.72959600
16.173228 46.65700100 -93.03500400 45.59000000 -91.28099800 3.69771479
16.173228 46.65700100 -93.03500400 45.77500200 -91.55600000 3.72821772
16.173228 46.65700100 -93.03500400 45.69800200 -91.46099900 3.72815775
16.173228 46.65700100 -93.03500400 45.53400000 -91.09600100 3.68576147
16.173228 46.71699900 -93.12599900 45.83300000 -91.58499900 3.72335887
16.173228 46.71699900 -93.12599900 45.69800200 -91.46099900 3.70398859
16.173228 46.71699900 -93.12599900 45.87500000 -91.72399900 3.74388482
16.173228 46.71699900 -93.12599900 45.77500200 -91.55600000 3.72859733
16.173228 46.71699900 -93.12599900 45.59000000 -91.28099800 3.67333044
16.173228 46.71699900 -93.12599900 45.53400000 -91.09600100 3.66633939
16.173228 46.74900100 -93.21099900 45.69800200 -91.46099900 3.68519247
16.173228 46.74900100 -93.21099900 45.83300000 -91.58499900 3.71723310
16.173228 46.74900100 -93.21099900 45.77500200 -91.55600000 3.71203556
16.173228 46.74900100 -93.21099900 45.87500000 -91.72399900 3.72624734
16.322835 46.38999900 -92.55300100 45.41500100 -90.94599900 3.72262624
16.322835 46.38999900 -92.55300100 45.53400000 -91.09600100 3.72327377
16.322835 46.38999900 -92.55300100 45.59000000 -91.28099800 3.75679927
16.322835 46.40000200 -92.65699800 45.53400000 -91.09600100 3.72665403
16.322835 46.40000200 -92.65699800 45.59000000 -91.28099800 3.75800300
16.322835 46.40000200 -92.65699800 45.41500100 -90.94599900 3.71984422
16.322835 46.44599900 -92.68499800 45.59000000 -91.28099800 3.75330361
16.322835 46.44599900 -92.68499800 45.41500100 -90.94599900 3.72568254
16.322835 46.44599900 -92.68499800 45.53400000 -91.09600100 3.72746186
16.322835 46.52700000 -92.83499900 45.59000000 -91.28099800 3.72906044
16.322835 46.52700000 -92.83499900 45.41500100 -90.94599900 3.70910933
16.322835 46.52700000 -92.83499900 45.53400000 -91.09600100 3.71401488
16.322835 46.52700000 -92.83499900 45.69800200 -91.46099900 3.75329757
16.322835 46.61000100 -92.91999800 45.83300000 -91.58499900 3.78361929
16.322835 46.61000100 -92.91999800 45.53400000 -91.09600100 3.70903534
16.322835 46.61000100 -92.91999800 45.77500200 -91.55600000 3.75265076
16.322835 46.61000100 -92.91999800 45.69800200 -91.46099900 3.74312857
16.322835 46.61000100 -92.91999800 45.41500100 -90.94599900 3.69249630
16.322835 46.61000100 -92.91999800 45.59000000 -91.28099800 3.71657536
16.322835 46.65700100 -93.03500400 45.41500100 -90.94599900 3.68406493
16.322835 46.65700100 -93.03500400 45.83300000 -91.58499900 3.73738582
16.322835 46.65700100 -93.03500400 45.59000000 -91.28099800 3.70471496
16.322835 46.65700100 -93.03500400 45.77500200 -91.55600000 3.73573779
16.322835 46.65700100 -93.03500400 45.87500000 -91.72399900 3.79814582
16.322835 46.65700100 -93.03500400 45.69800200 -91.46099900 3.73522749
16.322835 46.65700100 -93.03500400 45.53400000 -91.09600100 3.69282533
16.322835 46.71699900 -93.12599900 45.83300000 -91.58499900 3.73009643
16.322835 46.71699900 -93.12599900 45.69800200 -91.46099900 3.71088322
16.322835 46.71699900 -93.12599900 45.87500000 -91.72399900 3.75132828
16.322835 46.71699900 -93.12599900 45.77500200 -91.55600000 3.73551707
16.322835 46.71699900 -93.12599900 45.59000000 -91.28099800 3.68056952
16.322835 46.71699900 -93.12599900 45.53400000 -91.09600100 3.67311232
16.322835 46.74900100 -93.21099900 45.69800200 -91.46099900 3.69203726
16.322835 46.74900100 -93.21099900 45.83300000 -91.58499900 3.72308891
16.322835 46.74900100 -93.21099900 45.77500200 -91.55600000 3.71841394
16.322835 46.74900100 -93.21099900 45.87500000 -91.72399900 3.73324124
16.472441 46.38999900 -92.55300100 45.41500100 -90.94599900 3.72847320
16.472441 46.38999900 -92.55300100 45.53400000 -91.09600100 3.73080342
16.472441 46.38999900 -92.55300100 45.59000000 -91.28099800 3.76301103
16.472441 46.40000200 -92.65699800 45.53400000 -91.09600100 3.73281871
16.472441 46.40000200 -92.65699800 45.59000000 -91.28099800 3.76513775
16.472441 46.40000200 -92.65699800 45.41500100 -90.94599900 3.72548165
16.472441 46.44599900 -92.68499800 45.59000000 -91.28099800 3.76066837
16.472441 46.44599900 -92.68499800 45.41500100 -90.94599900 3.73155099
16.472441 46.44599900 -92.68499800 45.53400000 -91.09600100 3.73370456
16.472441 46.52700000 -92.83499900 45.59000000 -91.28099800 3.73617606
16.472441 46.52700000 -92.83499900 45.41500100 -90.94599900 3.71600692
16.472441 46.52700000 -92.83499900 45.53400000 -91.09600100 3.72031251
16.472441 46.52700000 -92.83499900 45.69800200 -91.46099900 3.76065727
16.472441 46.61000100 -92.91999800 45.83300000 -91.58499900 3.79063443
16.472441 46.61000100 -92.91999800 45.53400000 -91.09600100 3.71598735
16.472441 46.61000100 -92.91999800 45.77500200 -91.55600000 3.75986849
16.472441 46.61000100 -92.91999800 45.69800200 -91.46099900 3.75068728
16.472441 46.61000100 -92.91999800 45.41500100 -90.94599900 3.69946163
16.472441 46.61000100 -92.91999800 45.59000000 -91.28099800 3.72368793
16.472441 46.65700100 -93.03500400 45.41500100 -90.94599900 3.69152582
16.472441 46.65700100 -93.03500400 45.83300000 -91.58499900 3.74529133
16.472441 46.65700100 -93.03500400 45.59000000 -91.28099800 3.71221057
16.472441 46.65700100 -93.03500400 45.77500200 -91.55600000 3.74331505
16.472441 46.65700100 -93.03500400 45.69800200 -91.46099900 3.74233659
16.472441 46.65700100 -93.03500400 45.53400000 -91.09600100 3.69994060
16.472441 46.71699900 -93.12599900 45.83300000 -91.58499900 3.73691859
16.472441 46.71699900 -93.12599900 45.69800200 -91.46099900 3.71786315
16.472441 46.71699900 -93.12599900 45.87500000 -91.72399900 3.75882741
16.472441 46.71699900 -93.12599900 45.77500200 -91.55600000 3.74249040
16.472441 46.71699900 -93.12599900 45.59000000 -91.28099800 3.68785943
16.472441 46.71699900 -93.12599900 45.53400000 -91.09600100 3.67997135
16.472441 46.74900100 -93.21099900 45.69800200 -91.46099900 3.69892906
16.472441 46.74900100 -93.21099900 45.83300000 -91.58499900 3.72900320
16.472441 46.74900100 -93.21099900 45.77500200 -91.55600000 3.72484676
16.472441 46.74900100 -93.21099900 45.87500000 -91.72399900 3.74029120
16.622047 46.38999900 -92.55300100 45.41500100 -90.94599900 3.73537768
16.622047 46.38999900 -92.55300100 45.53400000 -91.09600100 3.73739752
16.622047 46.40000200 -92.65699800 45.53400000 -91.09600100 3.73902445
16.622047 46.40000200 -92.65699800 45.59000000 -91.28099800 3.77230657
16.622047 46.40000200 -92.65699800 45.41500100 -90.94599900 3.73115324
16.622047 46.44599900 -92.68499800 45.59000000 -91.28099800 3.76804559
16.622047 46.44599900 -92.68499800 45.41500100 -90.94599900 3.73744491
16.622047 46.44599900 -92.68499800 45.53400000 -91.09600100 3.74000215
16.622047 46.52700000 -92.83499900 45.59000000 -91.28099800 3.74332563
16.622047 46.52700000 -92.83499900 45.41500100 -90.94599900 3.72292048
16.622047 46.52700000 -92.83499900 45.53400000 -91.09600100 3.72666113
16.622047 46.52700000 -92.83499900 45.69800200 -91.46099900 3.76801628
16.622047 46.61000100 -92.91999800 45.83300000 -91.58499900 3.79763580
16.622047 46.61000100 -92.91999800 45.53400000 -91.09600100 3.72296624
16.622047 46.61000100 -92.91999800 45.77500200 -91.55600000 3.76709245
16.622047 46.61000100 -92.91999800 45.69800200 -91.46099900 3.75821991
16.622047 46.61000100 -92.91999800 45.41500100 -90.94599900 3.70649608
16.622047 46.61000100 -92.91999800 45.59000000 -91.28099800 3.73087633
16.622047 46.65700100 -93.03500400 45.41500100 -90.94599900 3.69837389
16.622047 46.65700100 -93.03500400 45.83300000 -91.58499900 3.75329925
16.622047 46.65700100 -93.03500400 45.59000000 -91.28099800 3.71937629
16.622047 46.65700100 -93.03500400 45.77500200 -91.55600000 3.75093898
16.622047 46.65700100 -93.03500400 45.69800200 -91.46099900 3.74948068
16.622047 46.65700100 -93.03500400 45.53400000 -91.09600100 3.70710277
16.622047 46.71699900 -93.12599900 45.83300000 -91.58499900 3.74382168
16.622047 46.71699900 -93.12599900 45.69800200 -91.46099900 3.72567206
16.622047 46.71699900 -93.12599900 45.87500000 -91.72399900 3.76637674
16.622047 46.71699900 -93.12599900 45.77500200 -91.55600000 3.74951422
16.622047 46.71699900 -93.12599900 45.59000000 -91.28099800 3.69519773
16.622047 46.71699900 -93.12599900 45.53400000 -91.09600100 3.68760997
16.622047 46.74900100 -93.21099900 45.69800200 -91.46099900 3.70659004
16.622047 46.74900100 -93.21099900 45.83300000 -91.58499900 3.73498039
16.622047 46.74900100 -93.21099900 45.77500200 -91.55600000 3.73133811
16.622047 46.74900100 -93.21099900 45.87500000 -91.72399900 3.74738840
16.622047 46.74900100 -93.21099900 45.59000000 -91.28099800 3.67798259
16.771654 46.38999900 -92.55300100 45.41500100 -90.94599900 3.74150160
16.771654 46.38999900 -92.55300100 45.53400000 -91.09600100 3.74407729
16.771654 46.40000200 -92.65699800 45.53400000 -91.09600100 3.74527142
16.771654 46.40000200 -92.65699800 45.59000000 -91.28099800 3.77951094
16.771654 46.40000200 -92.65699800 45.41500100 -90.94599900 3.73686519
16.771654 46.44599900 -92.68499800 45.59000000 -91.28099800 3.77543129
16.771654 46.44599900 -92.68499800 45.41500100 -90.94599900 3.74416902
16.771654 46.44599900 -92.68499800 45.53400000 -91.09600100 3.74635400
16.771654 46.52700000 -92.83499900 45.59000000 -91.28099800 3.75050383
16.771654 46.52700000 -92.83499900 45.41500100 -90.94599900 3.72984624
16.771654 46.52700000 -92.83499900 45.53400000 -91.09600100 3.73306318
16.771654 46.52700000 -92.83499900 45.69800200 -91.46099900 3.77537431
16.771654 46.61000100 -92.91999800 45.83300000 -91.58499900 3.80463131
16.771654 46.61000100 -92.91999800 45.53400000 -91.09600100 3.72997223
16.771654 46.61000100 -92.91999800 45.77500200 -91.55600000 3.77432182
16.771654 46.61000100 -92.91999800 45.69800200 -91.46099900 3.76571845
16.771654 46.61000100 -92.91999800 45.41500100 -90.94599900 3.71359361
16.771654 46.61000100 -92.91999800 45.59000000 -91.28099800 3.73813865
16.771654 46.65700100 -93.03500400 45.41500100 -90.94599900 3.70529971
16.771654 46.65700100 -93.03500400 45.83300000 -91.58499900 3.76139630
16.771654 46.65700100 -93.03500400 45.59000000 -91.28099800 3.72660156
16.771654 46.65700100 -93.03500400 45.77500200 -91.55600000 3.75859921
16.771654 46.65700100 -93.03500400 45.69800200 -91.46099900 3.75665470
16.771654 46.65700100 -93.03500400 45.53400000 -91.09600100 3.71430749
16.771654 46.71699900 -93.12599900 45.83300000 -91.58499900 3.75080111
16.771654 46.71699900 -93.12599900 45.69800200 -91.46099900 3.73285321
16.771654 46.71699900 -93.12599900 45.87500000 -91.72399900 3.77397148
16.771654 46.71699900 -93.12599900 45.77500200 -91.55600000 3.75658457
16.771654 46.71699900 -93.12599900 45.59000000 -91.28099800 3.70258220
16.771654 46.71699900 -93.12599900 45.41500100 -90.94599900 3.68756824
16.771654 46.71699900 -93.12599900 45.53400000 -91.09600100 3.69466679
16.771654 46.74900100 -93.21099900 45.69800200 -91.46099900 3.71363349
16.771654 46.74900100 -93.21099900 45.83300000 -91.58499900 3.74102391
16.771654 46.74900100 -93.21099900 45.53400000 -91.09600100 3.68202400
16.771654 46.74900100 -93.21099900 45.77500200 -91.55600000 3.73789089
16.771654 46.74900100 -93.21099900 45.87500000 -91.72399900 3.75452406
16.771654 46.74900100 -93.21099900 45.59000000 -91.28099800 3.68487078
16.92126 46.38999900 -92.55300100 45.41500100 -90.94599900 3.74773100
16.92126 46.38999900 -92.55300100 45.53400000 -91.09600100 3.75084164
16.92126 46.40000200 -92.65699800 45.53400000 -91.09600100 3.75156017
16.92126 46.40000200 -92.65699800 45.59000000 -91.28099800 3.78675321
16.92126 46.40000200 -92.65699800 45.41500100 -90.94599900 3.74262329
16.92126 46.44599900 -92.68499800 45.59000000 -91.28099800 3.78282191
16.92126 46.44599900 -92.68499800 45.41500100 -90.94599900 3.75019330
16.92126 46.44599900 -92.68499800 45.53400000 -91.09600100 3.75389409
16.92126 46.52700000 -92.83499900 45.59000000 -91.28099800 3.75770536
16.92126 46.52700000 -92.83499900 45.41500100 -90.94599900 3.73678113
16.92126 46.52700000 -92.83499900 45.53400000 -91.09600100 3.74034201
16.92126 46.52700000 -92.83499900 45.69800200 -91.46099900 3.78181975
16.92126 46.61000100 -92.91999800 45.53400000 -91.09600100 3.73700561
16.92126 46.61000100 -92.91999800 45.77500200 -91.55600000 3.78155675
16.92126 46.61000100 -92.91999800 45.69800200 -91.46099900 3.77317552
16.92126 46.61000100 -92.91999800 45.41500100 -90.94599900 3.72074803
16.92126 46.61000100 -92.91999800 45.59000000 -91.28099800 3.74547253
16.92126 46.65700100 -93.03500400 45.41500100 -90.94599900 3.71230029
16.92126 46.65700100 -93.03500400 45.83300000 -91.58499900 3.76956926
16.92126 46.65700100 -93.03500400 45.59000000 -91.28099800 3.73388533
16.92126 46.65700100 -93.03500400 45.77500200 -91.55600000 3.76628542
16.92126 46.65700100 -93.03500400 45.69800200 -91.46099900 3.76385315
16.92126 46.65700100 -93.03500400 45.53400000 -91.09600100 3.72155046
16.92126 46.71699900 -93.12599900 45.83300000 -91.58499900 3.75785147
16.92126 46.71699900 -93.12599900 45.69800200 -91.46099900 3.74012001
16.92126 46.71699900 -93.12599900 45.87500000 -91.72399900 3.78160738
16.92126 46.71699900 -93.12599900 45.77500200 -91.55600000 3.76369654
16.92126 46.71699900 -93.12599900 45.59000000 -91.28099800 3.71001070
16.92126 46.71699900 -93.12599900 45.41500100 -90.94599900 3.69415133
16.92126 46.71699900 -93.12599900 45.53400000 -91.09600100 3.70180291
16.92126 46.74900100 -93.21099900 45.69800200 -91.46099900 3.72073220
16.92126 46.74900100 -93.21099900 45.83300000 -91.58499900 3.74713671
16.92126 46.74900100 -93.21099900 45.53400000 -91.09600100 3.68909912
16.92126 46.74900100 -93.21099900 45.77500200 -91.55600000 3.74450689
16.92126 46.74900100 -93.21099900 45.87500000 -91.72399900 3.76169002
16.92126 46.74900100 -93.21099900 45.59000000 -91.28099800 3.69181371
17.070866 46.38999900 -92.55300100 45.41500100 -90.94599900 3.75523451
17.070866 46.38999900 -92.55300100 45.53400000 -91.09600100 3.75768960
17.070866 46.40000200 -92.65699800 45.53400000 -91.09600100 3.75789130
17.070866 46.40000200 -92.65699800 45.59000000 -91.28099800 3.79403613
17.070866 46.40000200 -92.65699800 45.41500100 -90.94599900 3.74843335
17.070866 46.44599900 -92.68499800 45.59000000 -91.28099800 3.79021486
17.070866 46.44599900 -92.68499800 45.41500100 -90.94599900 3.75625971
17.070866 46.44599900 -92.68499800 45.53400000 -91.09600100 3.76040143
17.070866 46.52700000 -92.83499900 45.59000000 -91.28099800 3.76492456
17.070866 46.52700000 -92.83499900 45.41500100 -90.94599900 3.74372251
17.070866 46.52700000 -92.83499900 45.53400000 -91.09600100 3.74690947
17.070866 46.52700000 -92.83499900 45.69800200 -91.46099900 3.78907733
17.070866 46.61000100 -92.91999800 45.53400000 -91.09600100 3.74406694
17.070866 46.61000100 -92.91999800 45.77500200 -91.55600000 3.78879822
17.070866 46.61000100 -92.91999800 45.69800200 -91.46099900 3.77959358
17.070866 46.61000100 -92.91999800 45.41500100 -90.94599900 3.72795314
17.070866 46.61000100 -92.91999800 45.59000000 -91.28099800 3.75287495
17.070866 46.65700100 -93.03500400 45.41500100 -90.94599900 3.71937213
17.070866 46.65700100 -93.03500400 45.83300000 -91.58499900 3.77780548
17.070866 46.65700100 -93.03500400 45.59000000 -91.28099800 3.74122637
17.070866 46.65700100 -93.03500400 45.77500200 -91.55600000 3.77398766
17.070866 46.65700100 -93.03500400 45.69800200 -91.46099900 3.77107024
17.070866 46.65700100 -93.03500400 45.53400000 -91.09600100 3.72882761
17.070866 46.71699900 -93.12599900 45.83300000 -91.58499900 3.76668977
17.070866 46.71699900 -93.12599900 45.69800200 -91.46099900 3.74747030
17.070866 46.71699900 -93.12599900 45.87500000 -91.72399900 3.78928139
17.070866 46.71699900 -93.12599900 45.77500200 -91.55600000 3.77084452
17.070866 46.71699900 -93.12599900 45.59000000 -91.28099800 3.71748128
17.070866 46.71699900 -93.12599900 45.41500100 -90.94599900 3.70079596
17.070866 46.71699900 -93.12599900 45.53400000 -91.09600100 3.70901470
17.070866 46.74900100 -93.21099900 45.69800200 -91.46099900 3.72788810
17.070866 46.74900100 -93.21099900 45.83300000 -91.58499900 3.75332057
17.070866 46.74900100 -93.21099900 45.53400000 -91.09600100 3.69624910
17.070866 46.74900100 -93.21099900 45.77500200 -91.55600000 3.75118709
17.070866 46.74900100 -93.21099900 45.87500000 -91.72399900 3.76887871
17.070866 46.74900100 -93.21099900 45.59000000 -91.28099800 3.69962969
17.220472 46.38999900 -92.55300100 45.41500100 -90.94599900 3.76175486
17.220472 46.38999900 -92.55300100 45.53400000 -91.09600100 3.76462012
17.220472 46.40000200 -92.65699800 45.53400000 -91.09600100 3.76426559
17.220472 46.40000200 -92.65699800 45.59000000 -91.28099800 3.80136301
17.220472 46.40000200 -92.65699800 45.41500100 -90.94599900 3.75539198
17.220472 46.44599900 -92.68499800 45.59000000 -91.28099800 3.79760813
17.220472 46.44599900 -92.68499800 45.41500100 -90.94599900 3.76237298
17.220472 46.44599900 -92.68499800 45.53400000 -91.09600100 3.76696136
17.220472 46.52700000 -92.83499900 45.59000000 -91.28099800 3.77215609
17.220472 46.52700000 -92.83499900 45.41500100 -90.94599900 3.75066824
17.220472 46.52700000 -92.83499900 45.53400000 -91.09600100 3.75353722
17.220472 46.52700000 -92.83499900 45.69800200 -91.46099900 3.79633313
17.220472 46.61000100 -92.91999800 45.53400000 -91.09600100 3.75115682
17.220472 46.61000100 -92.91999800 45.77500200 -91.55600000 3.79604830
17.220472 46.61000100 -92.91999800 45.69800200 -91.46099900 3.78687937
17.220472 46.61000100 -92.91999800 45.41500100 -90.94599900 3.73594576
17.220472 46.61000100 -92.91999800 45.59000000 -91.28099800 3.76034248
17.220472 46.65700100 -93.03500400 45.41500100 -90.94599900 3.72651143
17.220472 46.65700100 -93.03500400 45.83300000 -91.58499900 3.78609312
17.220472 46.65700100 -93.03500400 45.59000000 -91.28099800 3.74862342
17.220472 46.65700100 -93.03500400 45.77500200 -91.55600000 3.78169652
17.220472 46.65700100 -93.03500400 45.69800200 -91.46099900 3.77829982
17.220472 46.65700100 -93.03500400 45.53400000 -91.09600100 3.73613515
17.220472 46.71699900 -93.12599900 45.83300000 -91.58499900 3.77391108
17.220472 46.71699900 -93.12599900 45.69800200 -91.46099900 3.75490093
17.220472 46.71699900 -93.12599900 45.87500000 -91.72399900 3.79699090
17.220472 46.71699900 -93.12599900 45.77500200 -91.55600000 3.77802261
17.220472 46.71699900 -93.12599900 45.59000000 -91.28099800 3.72499214
17.220472 46.71699900 -93.12599900 45.41500100 -90.94599900 3.70750127
17.220472 46.71699900 -93.12599900 45.53400000 -91.09600100 3.71629830
17.220472 46.74900100 -93.21099900 45.69800200 -91.46099900 3.73510287
17.220472 46.74900100 -93.21099900 45.83300000 -91.58499900 3.76118317
17.220472 46.74900100 -93.21099900 45.53400000 -91.09600100 3.70347023
17.220472 46.74900100 -93.21099900 45.77500200 -91.55600000 3.75898931
17.220472 46.74900100 -93.21099900 45.87500000 -91.72399900 3.77608335
17.220472 46.74900100 -93.21099900 45.59000000 -91.28099800 3.70670578
17.370079 46.38999900 -92.55300100 45.41500100 -90.94599900 3.76838422
17.370079 46.38999900 -92.55300100 45.53400000 -91.09600100 3.77316093
17.370079 46.40000200 -92.65699800 45.53400000 -91.09600100 3.77068431
17.370079 46.40000200 -92.65699800 45.59000000 -91.28099800 3.80873774
17.370079 46.40000200 -92.65699800 45.41500100 -90.94599900 3.76138825
17.370079 46.44599900 -92.68499800 45.59000000 -91.28099800 3.80500054
17.370079 46.44599900 -92.68499800 45.41500100 -90.94599900 3.76853773
17.370079 46.44599900 -92.68499800 45.53400000 -91.09600100 3.77357261
17.370079 46.52700000 -92.83499900 45.59000000 -91.28099800 3.77939472
17.370079 46.52700000 -92.83499900 45.41500100 -90.94599900 3.75704447
17.370079 46.52700000 -92.83499900 45.53400000 -91.09600100 3.76022663
17.370079 46.52700000 -92.83499900 45.69800200 -91.46099900 3.80359093
17.370079 46.61000100 -92.91999800 45.53400000 -91.09600100 3.75827605
17.370079 46.61000100 -92.91999800 45.77500200 -91.55600000 3.80330994
17.370079 46.61000100 -92.91999800 45.69800200 -91.46099900 3.79410385
17.370079 46.61000100 -92.91999800 45.41500100 -90.94599900 3.74325582
17.370079 46.61000100 -92.91999800 45.59000000 -91.28099800 3.76787121
17.370079 46.65700100 -93.03500400 45.41500100 -90.94599900 3.73371382
17.370079 46.65700100 -93.03500400 45.83300000 -91.58499900 3.79442096
17.370079 46.65700100 -93.03500400 45.59000000 -91.28099800 3.75607518
17.370079 46.65700100 -93.03500400 45.77500200 -91.55600000 3.78940338
17.370079 46.65700100 -93.03500400 45.69800200 -91.46099900 3.78553562
17.370079 46.65700100 -93.03500400 45.53400000 -91.09600100 3.74346961
17.370079 46.71699900 -93.12599900 45.83300000 -91.58499900 3.78118294
17.370079 46.71699900 -93.12599900 45.69800200 -91.46099900 3.76240775
17.370079 46.71699900 -93.12599900 45.87500000 -91.72399900 3.80473440
17.370079 46.71699900 -93.12599900 45.77500200 -91.55600000 3.78522407
17.370079 46.71699900 -93.12599900 45.59000000 -91.28099800 3.73254173
17.370079 46.71699900 -93.12599900 45.41500100 -90.94599900 3.71426612
17.370079 46.71699900 -93.12599900 45.53400000 -91.09600100 3.72364963
17.370079 46.74900100 -93.21099900 45.69800200 -91.46099900 3.74237776
17.370079 46.74900100 -93.21099900 45.83300000 -91.58499900 3.76756219
17.370079 46.74900100 -93.21099900 45.53400000 -91.09600100 3.71075873
17.370079 46.74900100 -93.21099900 45.77500200 -91.55600000 3.76583497
17.370079 46.74900100 -93.21099900 45.87500000 -91.72399900 3.78329782
17.370079 46.74900100 -93.21099900 45.59000000 -91.28099800 3.71383194
17.519685 46.38999900 -92.55300100 45.41500100 -90.94599900 3.77512343
17.519685 46.38999900 -92.55300100 45.53400000 -91.09600100 3.78033505
17.519685 46.40000200 -92.65699800 45.53400000 -91.09600100 3.77879564
17.519685 46.40000200 -92.65699800 45.41500100 -90.94599900 3.76745171
17.519685 46.44599900 -92.68499800 45.59000000 -91.28099800 3.81239166
17.519685 46.44599900 -92.68499800 45.41500100 -90.94599900 3.77475846
17.519685 46.44599900 -92.68499800 45.53400000 -91.09600100 3.78023379
17.519685 46.52700000 -92.83499900 45.59000000 -91.28099800 3.78574006
17.519685 46.52700000 -92.83499900 45.41500100 -90.94599900 3.76394150
17.519685 46.52700000 -92.83499900 45.53400000 -91.09600100 3.76697877
17.519685 46.52700000 -92.83499900 45.69800200 -91.46099900 3.81085504
17.519685 46.61000100 -92.91999800 45.53400000 -91.09600100 3.76542563
17.519685 46.61000100 -92.91999800 45.69800200 -91.46099900 3.80126381
17.519685 46.61000100 -92.91999800 45.41500100 -90.94599900 3.74981398
17.519685 46.61000100 -92.91999800 45.59000000 -91.28099800 3.77545672
17.519685 46.65700100 -93.03500400 45.41500100 -90.94599900 3.74097481
17.519685 46.65700100 -93.03500400 45.83300000 -91.58499900 3.80277915
17.519685 46.65700100 -93.03500400 45.59000000 -91.28099800 3.76358026
17.519685 46.65700100 -93.03500400 45.77500200 -91.55600000 3.79710019
17.519685 46.65700100 -93.03500400 45.69800200 -91.46099900 3.79277150
17.519685 46.65700100 -93.03500400 45.53400000 -91.09600100 3.75082776
17.519685 46.71699900 -93.12599900 45.83300000 -91.58499900 3.78849827
17.519685 46.71699900 -93.12599900 45.69800200 -91.46099900 3.76998571
17.519685 46.71699900 -93.12599900 45.87500000 -91.72399900 3.81251120
17.519685 46.71699900 -93.12599900 45.77500200 -91.55600000 3.79244231
17.519685 46.71699900 -93.12599900 45.59000000 -91.28099800 3.74012853
17.519685 46.71699900 -93.12599900 45.41500100 -90.94599900 3.72108918
17.519685 46.71699900 -93.12599900 45.53400000 -91.09600100 3.73106442
17.519685 46.74900100 -93.21099900 45.69800200 -91.46099900 3.74971371
17.519685 46.74900100 -93.21099900 45.83300000 -91.58499900 3.77401105
17.519685 46.74900100 -93.21099900 45.53400000 -91.09600100 3.71811076
17.519685 46.74900100 -93.21099900 45.77500200 -91.55600000 3.77274029
17.519685 46.74900100 -93.21099900 45.87500000 -91.72399900 3.79051704
17.519685 46.74900100 -93.21099900 45.59000000 -91.28099800 3.72100652
17.669291 46.38999900 -92.55300100 45.41500100 -90.94599900 3.78341801
17.669291 46.38999900 -92.55300100 45.53400000 -91.09600100 3.78759051
17.669291 46.40000200 -92.65699800 45.53400000 -91.09600100 3.78537867
17.669291 46.40000200 -92.65699800 45.41500100 -90.94599900 3.77358681
17.669291 46.44599900 -92.68499800 45.59000000 -91.28099800 3.81978224
17.669291 46.44599900 -92.68499800 45.41500100 -90.94599900 3.78103932
17.669291 46.44599900 -92.68499800 45.53400000 -91.09600100 3.78694359
17.669291 46.52700000 -92.83499900 45.59000000 -91.28099800 3.79293201
17.669291 46.52700000 -92.83499900 45.41500100 -90.94599900 3.77083805
17.669291 46.52700000 -92.83499900 45.53400000 -91.09600100 3.77379454
17.669291 46.61000100 -92.91999800 45.53400000 -91.09600100 3.77260664
17.669291 46.61000100 -92.91999800 45.69800200 -91.46099900 3.80708452
17.669291 46.61000100 -92.91999800 45.41500100 -90.94599900 3.75716480
17.669291 46.61000100 -92.91999800 45.59000000 -91.28099800 3.78309453
17.669291 46.65700100 -93.03500400 45.41500100 -90.94599900 3.74828934
17.669291 46.65700100 -93.03500400 45.83300000 -91.58499900 3.81115897
17.669291 46.65700100 -93.03500400 45.59000000 -91.28099800 3.77113721
17.669291 46.65700100 -93.03500400 45.77500200 -91.55600000 3.80322230
17.669291 46.65700100 -93.03500400 45.69800200 -91.46099900 3.80000138
17.669291 46.65700100 -93.03500400 45.53400000 -91.09600100 3.75820688
17.669291 46.71699900 -93.12599900 45.83300000 -91.58499900 3.79584966
17.669291 46.71699900 -93.12599900 45.69800200 -91.46099900 3.77762903
17.669291 46.71699900 -93.12599900 45.87500000 -91.72399900 3.82032118
17.669291 46.71699900 -93.12599900 45.77500200 -91.55600000 3.79967052
17.669291 46.71699900 -93.12599900 45.59000000 -91.28099800 3.74872021
17.669291 46.71699900 -93.12599900 45.41500100 -90.94599900 3.72796880
17.669291 46.71699900 -93.12599900 45.53400000 -91.09600100 3.73853813
17.669291 46.74900100 -93.21099900 45.69800200 -91.46099900 3.75711124
17.669291 46.74900100 -93.21099900 45.83300000 -91.58499900 3.78052855
17.669291 46.74900100 -93.21099900 45.53400000 -91.09600100 3.72552225
17.669291 46.74900100 -93.21099900 45.77500200 -91.55600000 3.77970251
17.669291 46.74900100 -93.21099900 45.87500000 -91.72399900 3.79773675
17.669291 46.74900100 -93.21099900 45.59000000 -91.28099800 3.72822807
17.818898 46.38999900 -92.55300100 45.41500100 -90.94599900 3.79044834
17.818898 46.38999900 -92.55300100 45.53400000 -91.09600100 3.79492679
17.818898 46.40000200 -92.65699800 45.53400000 -91.09600100 3.79201276
17.818898 46.40000200 -92.65699800 45.41500100 -90.94599900 3.77979762
17.818898 46.44599900 -92.68499800 45.59000000 -91.28099800 3.82717370
17.818898 46.44599900 -92.68499800 45.41500100 -90.94599900 3.78738427
17.818898 46.44599900 -92.68499800 45.53400000 -91.09600100 3.79370084
17.818898 46.52700000 -92.83499900 45.59000000 -91.28099800 3.80011477
17.818898 46.52700000 -92.83499900 45.41500100 -90.94599900 3.77773466
17.818898 46.52700000 -92.83499900 45.53400000 -91.09600100 3.78067471
17.818898 46.61000100 -92.91999800 45.53400000 -91.09600100 3.77982032
17.818898 46.61000100 -92.91999800 45.69800200 -91.46099900 3.81402908
17.818898 46.61000100 -92.91999800 45.41500100 -90.94599900 3.76453953
17.818898 46.61000100 -92.91999800 45.59000000 -91.28099800 3.79077978
17.818898 46.65700100 -93.03500400 45.41500100 -90.94599900 3.75565223
17.818898 46.65700100 -93.03500400 45.83300000 -91.58499900 3.81955308
17.818898 46.65700100 -93.03500400 45.59000000 -91.28099800 3.77874445
17.818898 46.65700100 -93.03500400 45.77500200 -91.55600000 3.81080707
17.818898 46.65700100 -93.03500400 45.69800200 -91.46099900 3.80721941
17.818898 46.65700100 -93.03500400 45.53400000 -91.09600100 3.76560465
17.818898 46.71699900 -93.12599900 45.83300000 -91.58499900 3.80322979
17.818898 46.71699900 -93.12599900 45.69800200 -91.46099900 3.78533128
17.818898 46.71699900 -93.12599900 45.87500000 -91.72399900 3.82816533
17.818898 46.71699900 -93.12599900 45.77500200 -91.55600000 3.80690193
17.818898 46.71699900 -93.12599900 45.59000000 -91.28099800 3.75641882
17.818898 46.71699900 -93.12599900 45.41500100 -90.94599900 3.73490303
17.818898 46.71699900 -93.12599900 45.53400000 -91.09600100 3.74606631
17.818898 46.74900100 -93.21099900 45.69800200 -91.46099900 3.76457030
17.818898 46.74900100 -93.21099900 45.83300000 -91.58499900 3.78711301
17.818898 46.74900100 -93.21099900 45.53400000 -91.09600100 3.73408913
17.818898 46.74900100 -93.21099900 45.77500200 -91.55600000 3.78671817
17.818898 46.74900100 -93.21099900 45.87500000 -91.72399900 3.80304490
17.818898 46.74900100 -93.21099900 45.59000000 -91.28099800 3.73549539
17.968504 46.38999900 -92.55300100 45.41500100 -90.94599900 3.79758776
17.968504 46.38999900 -92.55300100 45.53400000 -91.09600100 3.80234397
17.968504 46.40000200 -92.65699800 45.53400000 -91.09600100 3.79870037
17.968504 46.40000200 -92.65699800 45.41500100 -90.94599900 3.78749170
17.968504 46.44599900 -92.68499800 45.59000000 -91.28099800 3.83456841
17.968504 46.44599900 -92.68499800 45.41500100 -90.94599900 3.79508707
17.968504 46.44599900 -92.68499800 45.53400000 -91.09600100 3.80050459
17.968504 46.52700000 -92.83499900 45.59000000 -91.28099800 3.80728506
17.968504 46.52700000 -92.83499900 45.41500100 -90.94599900 3.78463243
17.968504 46.52700000 -92.83499900 45.53400000 -91.09600100 3.78761987
17.968504 46.61000100 -92.91999800 45.53400000 -91.09600100 3.78706799
17.968504 46.61000100 -92.91999800 45.69800200 -91.46099900 3.82090430
17.968504 46.61000100 -92.91999800 45.41500100 -90.94599900 3.77193430
17.968504 46.61000100 -92.91999800 45.59000000 -91.28099800 3.79850745
17.968504 46.65700100 -93.03500400 45.41500100 -90.94599900 3.76305809
17.968504 46.65700100 -93.03500400 45.83300000 -91.58499900 3.82795542
17.968504 46.65700100 -93.03500400 45.59000000 -91.28099800 3.78640053
17.968504 46.65700100 -93.03500400 45.77500200 -91.55600000 3.81836221
17.968504 46.65700100 -93.03500400 45.69800200 -91.46099900 3.81332681
17.968504 46.65700100 -93.03500400 45.53400000 -91.09600100 3.77214807
17.968504 46.71699900 -93.12599900 45.83300000 -91.58499900 3.80862792
17.968504 46.71699900 -93.12599900 45.69800200 -91.46099900 3.79308556
17.968504 46.71699900 -93.12599900 45.77500200 -91.55600000 3.81413004
17.968504 46.71699900 -93.12599900 45.59000000 -91.28099800 3.76415117
17.968504 46.71699900 -93.12599900 45.41500100 -90.94599900 3.74188964
17.968504 46.71699900 -93.12599900 45.53400000 -91.09600100 3.75364441
17.968504 46.74900100 -93.21099900 45.69800200 -91.46099900 3.77209043
17.968504 46.74900100 -93.21099900 45.83300000 -91.58499900 3.79376229
17.968504 46.74900100 -93.21099900 45.53400000 -91.09600100 3.74164800
17.968504 46.74900100 -93.21099900 45.77500200 -91.55600000 3.79378326
17.968504 46.74900100 -93.21099900 45.87500000 -91.72399900 3.81017971
17.968504 46.74900100 -93.21099900 45.59000000 -91.28099800 3.74280726
18.11811 46.38999900 -92.55300100 45.41500100 -90.94599900 3.80483645
18.11811 46.38999900 -92.55300100 45.53400000 -91.09600100 3.80984264
18.11811 46.40000200 -92.65699800 45.53400000 -91.09600100 3.80544467
18.11811 46.40000200 -92.65699800 45.41500100 -90.94599900 3.79392781
18.11811 46.44599900 -92.68499800 45.41500100 -90.94599900 3.80162850
18.11811 46.44599900 -92.68499800 45.53400000 -91.09600100 3.80735410
18.11811 46.52700000 -92.83499900 45.59000000 -91.28099800 3.81443993
18.11811 46.52700000 -92.83499900 45.41500100 -90.94599900 3.79153286
18.11811 46.52700000 -92.83499900 45.53400000 -91.09600100 3.79586751
18.11811 46.61000100 -92.91999800 45.53400000 -91.09600100 3.79435117
18.11811 46.61000100 -92.91999800 45.69800200 -91.46099900 3.82771166
18.11811 46.61000100 -92.91999800 45.41500100 -90.94599900 3.77934572
18.11811 46.61000100 -92.91999800 45.59000000 -91.28099800 3.80627254
18.11811 46.65700100 -93.03500400 45.41500100 -90.94599900 3.77050135
18.11811 46.65700100 -93.03500400 45.59000000 -91.28099800 3.79410381
18.11811 46.65700100 -93.03500400 45.77500200 -91.55600000 3.82588430
18.11811 46.65700100 -93.03500400 45.69800200 -91.46099900 3.82046814
18.11811 46.65700100 -93.03500400 45.53400000 -91.09600100 3.77953102
18.11811 46.71699900 -93.12599900 45.83300000 -91.58499900 3.81599825
18.11811 46.71699900 -93.12599900 45.69800200 -91.46099900 3.80088436
18.11811 46.71699900 -93.12599900 45.77500200 -91.55600000 3.81992959
18.11811 46.71699900 -93.12599900 45.59000000 -91.28099800 3.77191639
18.11811 46.71699900 -93.12599900 45.41500100 -90.94599900 3.74892602
18.11811 46.71699900 -93.12599900 45.53400000 -91.09600100 3.76126791
18.11811 46.74900100 -93.21099900 45.69800200 -91.46099900 3.77967079
18.11811 46.74900100 -93.21099900 45.83300000 -91.58499900 3.80047365
18.11811 46.74900100 -93.21099900 45.53400000 -91.09600100 3.74925259
18.11811 46.74900100 -93.21099900 45.77500200 -91.55600000 3.80089339
18.11811 46.74900100 -93.21099900 45.87500000 -91.72399900 3.81730900
18.11811 46.74900100 -93.21099900 45.59000000 -91.28099800 3.75016299
18.267717 46.38999900 -92.55300100 45.41500100 -90.94599900 3.81389369
18.267717 46.38999900 -92.55300100 45.53400000 -91.09600100 3.81942808
18.267717 46.40000200 -92.65699800 45.53400000 -91.09600100 3.81224907
18.267717 46.40000200 -92.65699800 45.41500100 -90.94599900 3.80044950
18.267717 46.44599900 -92.68499800 45.41500100 -90.94599900 3.80824207
18.267717 46.44599900 -92.68499800 45.53400000 -91.09600100 3.81424904
18.267717 46.52700000 -92.83499900 45.59000000 -91.28099800 3.82157745
18.267717 46.52700000 -92.83499900 45.41500100 -90.94599900 3.79843797
18.267717 46.52700000 -92.83499900 45.53400000 -91.09600100 3.80299509
18.267717 46.61000100 -92.91999800 45.53400000 -91.09600100 3.80167139
18.267717 46.61000100 -92.91999800 45.69800200 -91.46099900 3.83445406
18.267717 46.61000100 -92.91999800 45.41500100 -90.94599900 3.78677084
18.267717 46.61000100 -92.91999800 45.59000000 -91.28099800 3.81406989
18.267717 46.65700100 -93.03500400 45.41500100 -90.94599900 3.77797639
18.267717 46.65700100 -93.03500400 45.59000000 -91.28099800 3.80185268
18.267717 46.65700100 -93.03500400 45.77500200 -91.55600000 3.83337147
18.267717 46.65700100 -93.03500400 45.69800200 -91.46099900 3.82758079
18.267717 46.65700100 -93.03500400 45.53400000 -91.09600100 3.78692728
18.267717 46.71699900 -93.12599900 45.83300000 -91.58499900 3.82337678
18.267717 46.71699900 -93.12599900 45.69800200 -91.46099900 3.80872025
18.267717 46.71699900 -93.12599900 45.77500200 -91.55600000 3.82709049
18.267717 46.71699900 -93.12599900 45.59000000 -91.28099800 3.77971384
18.267717 46.71699900 -93.12599900 45.41500100 -90.94599900 3.75600934
18.267717 46.71699900 -93.12599900 45.53400000 -91.09600100 3.76893230
18.267717 46.74900100 -93.21099900 45.69800200 -91.46099900 3.78730993
18.267717 46.74900100 -93.21099900 45.83300000 -91.58499900 3.80724418
18.267717 46.74900100 -93.21099900 45.53400000 -91.09600100 3.75689851
18.267717 46.74900100 -93.21099900 45.77500200 -91.55600000 3.80804375
18.267717 46.74900100 -93.21099900 45.87500000 -91.72399900 3.82443309
18.267717 46.74900100 -93.21099900 45.59000000 -91.28099800 3.75756178
18.417323 46.38999900 -92.55300100 45.41500100 -90.94599900 3.82142269
18.417323 46.38999900 -92.55300100 45.53400000 -91.09600100 3.82717193
18.417323 46.40000200 -92.65699800 45.53400000 -91.09600100 3.81911794
18.417323 46.40000200 -92.65699800 45.41500100 -90.94599900 3.80705988
18.417323 46.44599900 -92.68499800 45.41500100 -90.94599900 3.81493046
18.417323 46.44599900 -92.68499800 45.53400000 -91.09600100 3.82118939
18.417323 46.52700000 -92.83499900 45.59000000 -91.28099800 3.82869620
18.417323 46.52700000 -92.83499900 45.41500100 -90.94599900 3.80535020
18.417323 46.52700000 -92.83499900 45.53400000 -91.09600100 3.81018748
18.417323 46.61000100 -92.91999800 45.53400000 -91.09600100 3.80903027
18.417323 46.61000100 -92.91999800 45.69800200 -91.46099900 3.83945238
18.417323 46.61000100 -92.91999800 45.41500100 -90.94599900 3.79420756
18.417323 46.61000100 -92.91999800 45.59000000 -91.28099800 3.82189461
18.417323 46.65700100 -93.03500400 45.41500100 -90.94599900 3.78547737
18.417323 46.65700100 -93.03500400 45.59000000 -91.28099800 3.80964541
18.417323 46.65700100 -93.03500400 45.77500200 -91.55600000 3.84082315
18.417323 46.65700100 -93.03500400 45.69800200 -91.46099900 3.83466122
18.417323 46.65700100 -93.03500400 45.53400000 -91.09600100 3.79433645
18.417323 46.71699900 -93.12599900 45.83300000 -91.58499900 3.83075752
18.417323 46.71699900 -93.12599900 45.69800200 -91.46099900 3.81658545
18.417323 46.71699900 -93.12599900 45.77500200 -91.55600000 3.83422970
18.417323 46.71699900 -93.12599900 45.59000000 -91.28099800 3.78754316
18.417323 46.71699900 -93.12599900 45.41500100 -90.94599900 3.76313632
18.417323 46.71699900 -93.12599900 45.53400000 -91.09600100 3.77663322
18.417323 46.74900100 -93.21099900 45.69800200 -91.46099900 3.79622446
18.417323 46.74900100 -93.21099900 45.83300000 -91.58499900 3.81407067
18.417323 46.74900100 -93.21099900 45.53400000 -91.09600100 3.76458140
18.417323 46.74900100 -93.21099900 45.77500200 -91.55600000 3.81522941
18.417323 46.74900100 -93.21099900 45.87500000 -91.72399900 3.83155332
18.417323 46.74900100 -93.21099900 45.59000000 -91.28099800 3.76500309
18.566929 46.38999900 -92.55300100 45.41500100 -90.94599900 3.82905885
18.566929 46.40000200 -92.65699800 45.53400000 -91.09600100 3.82819617
18.566929 46.40000200 -92.65699800 45.41500100 -90.94599900 3.81376206
18.566929 46.44599900 -92.68499800 45.41500100 -90.94599900 3.82169580
18.566929 46.44599900 -92.68499800 45.53400000 -91.09600100 3.82817570
18.566929 46.52700000 -92.83499900 45.59000000 -91.28099800 3.83579579
18.566929 46.52700000 -92.83499900 45.41500100 -90.94599900 3.81227235
18.566929 46.52700000 -92.83499900 45.53400000 -91.09600100 3.81744475
18.566929 46.61000100 -92.91999800 45.53400000 -91.09600100 3.81642953
18.566929 46.61000100 -92.91999800 45.69800200 -91.46099900 3.84599004
18.566929 46.61000100 -92.91999800 45.41500100 -90.94599900 3.80165422
18.566929 46.61000100 -92.91999800 45.59000000 -91.28099800 3.82974171
18.566929 46.65700100 -93.03500400 45.41500100 -90.94599900 3.79299868
18.566929 46.65700100 -93.03500400 45.59000000 -91.28099800 3.81748026
18.566929 46.65700100 -93.03500400 45.77500200 -91.55600000 3.84824007
18.566929 46.65700100 -93.03500400 45.69800200 -91.46099900 3.84170640
18.566929 46.65700100 -93.03500400 45.53400000 -91.09600100 3.80175879
18.566929 46.71699900 -93.12599900 45.83300000 -91.58499900 3.83813528
18.566929 46.71699900 -93.12599900 45.69800200 -91.46099900 3.82447229
18.566929 46.71699900 -93.12599900 45.77500200 -91.55600000 3.84134277
18.566929 46.71699900 -93.12599900 45.59000000 -91.28099800 3.79540408
18.566929 46.71699900 -93.12599900 45.41500100 -90.94599900 3.77030351
18.566929 46.71699900 -93.12599900 45.53400000 -91.09600100 3.78436640
18.566929 46.74900100 -93.21099900 45.69800200 -91.46099900 3.80400236
18.566929 46.74900100 -93.21099900 45.83300000 -91.58499900 3.82094975
18.566929 46.74900100 -93.21099900 45.53400000 -91.09600100 3.77229686
18.566929 46.74900100 -93.21099900 45.77500200 -91.55600000 3.82244521
18.566929 46.74900100 -93.21099900 45.87500000 -91.72399900 3.83867224
18.566929 46.74900100 -93.21099900 45.59000000 -91.28099800 3.77248661
18.716535 46.38999900 -92.55300100 45.41500100 -90.94599900 3.83680234
18.716535 46.40000200 -92.65699800 45.53400000 -91.09600100 3.83527983
18.716535 46.40000200 -92.65699800 45.41500100 -90.94599900 3.82224483
18.716535 46.44599900 -92.68499800 45.41500100 -90.94599900 3.83009034
18.716535 46.44599900 -92.68499800 45.53400000 -91.09600100 3.83520889
18.716535 46.52700000 -92.83499900 45.59000000 -91.28099800 3.84287654
18.716535 46.52700000 -92.83499900 45.41500100 -90.94599900 3.81920760
18.716535 46.52700000 -92.83499900 45.53400000 -91.09600100 3.82476667
18.716535 46.61000100 -92.91999800 45.53400000 -91.09600100 3.82387091
18.716535 46.61000100 -92.91999800 45.69800200 -91.46099900 3.85247776
18.716535 46.61000100 -92.91999800 45.41500100 -90.94599900 3.80910973
18.716535 46.61000100 -92.91999800 45.59000000 -91.28099800 3.83760641
18.716535 46.65700100 -93.03500400 45.41500100 -90.94599900 3.80053463
18.716535 46.65700100 -93.03500400 45.59000000 -91.28099800 3.82535558
18.716535 46.65700100 -93.03500400 45.77500200 -91.55600000 3.85352945
18.716535 46.65700100 -93.03500400 45.69800200 -91.46099900 3.84871422
18.716535 46.65700100 -93.03500400 45.53400000 -91.09600100 3.80919469
18.716535 46.71699900 -93.12599900 45.83300000 -91.58499900 3.84550556
18.716535 46.71699900 -93.12599900 45.69800200 -91.46099900 3.83237319
18.716535 46.71699900 -93.12599900 45.77500200 -91.55600000 3.84842610
18.716535 46.71699900 -93.12599900 45.59000000 -91.28099800 3.80329641
18.716535 46.71699900 -93.12599900 45.41500100 -90.94599900 3.77750710
18.716535 46.71699900 -93.12599900 45.53400000 -91.09600100 3.79212781
18.716535 46.74900100 -93.21099900 45.69800200 -91.46099900 3.81182940
18.716535 46.74900100 -93.21099900 45.83300000 -91.58499900 3.82787806
18.716535 46.74900100 -93.21099900 45.53400000 -91.09600100 3.77871841
18.716535 46.74900100 -93.21099900 45.77500200 -91.55600000 3.82968620
18.716535 46.74900100 -93.21099900 45.87500000 -91.72399900 3.84579310
18.716535 46.74900100 -93.21099900 45.59000000 -91.28099800 3.78001209
18.866142 46.38999900 -92.55300100 45.41500100 -90.94599900 3.84657116
18.866142 46.40000200 -92.65699800 45.53400000 -91.09600100 3.84244314
18.866142 46.40000200 -92.65699800 45.41500100 -90.94599900 3.82919310
18.866142 46.44599900 -92.68499800 45.41500100 -90.94599900 3.83706286
18.866142 46.44599900 -92.68499800 45.53400000 -91.09600100 3.84414483
18.866142 46.52700000 -92.83499900 45.59000000 -91.28099800 3.84854835
18.866142 46.52700000 -92.83499900 45.41500100 -90.94599900 3.82615948
18.866142 46.52700000 -92.83499900 45.53400000 -91.09600100 3.83215333
18.866142 46.61000100 -92.91999800 45.53400000 -91.09600100 3.83135614
18.866142 46.61000100 -92.91999800 45.69800200 -91.46099900 3.85892300
18.866142 46.61000100 -92.91999800 45.41500100 -90.94599900 3.81657361
18.866142 46.61000100 -92.91999800 45.59000000 -91.28099800 3.84548443
18.866142 46.65700100 -93.03500400 45.41500100 -90.94599900 3.80807965
18.866142 46.65700100 -93.03500400 45.59000000 -91.28099800 3.83326955
18.866142 46.65700100 -93.03500400 45.69800200 -91.46099900 3.85434395
18.866142 46.65700100 -93.03500400 45.53400000 -91.09600100 3.81664507
18.866142 46.71699900 -93.12599900 45.83300000 -91.58499900 3.85286476
18.866142 46.71699900 -93.12599900 45.69800200 -91.46099900 3.84028108
18.866142 46.71699900 -93.12599900 45.77500200 -91.55600000 3.85547696
18.866142 46.71699900 -93.12599900 45.59000000 -91.28099800 3.81122030
18.866142 46.71699900 -93.12599900 45.41500100 -90.94599900 3.78474294
18.866142 46.71699900 -93.12599900 45.53400000 -91.09600100 3.79991348
18.866142 46.74900100 -93.21099900 45.69800200 -91.46099900 3.81970266
18.866142 46.74900100 -93.21099900 45.83300000 -91.58499900 3.83485197
18.866142 46.74900100 -93.21099900 45.53400000 -91.09600100 3.78645446
18.866142 46.74900100 -93.21099900 45.41500100 -90.94599900 3.76443561
18.866142 46.74900100 -93.21099900 45.77500200 -91.55600000 3.83694735
18.866142 46.74900100 -93.21099900 45.59000000 -91.28099800 3.78757928
19.015748 46.38999900 -92.55300100 45.41500100 -90.94599900 3.85458161
19.015748 46.40000200 -92.65699800 45.53400000 -91.09600100 3.84969260
19.015748 46.40000200 -92.65699800 45.41500100 -90.94599900 3.83623925
19.015748 46.44599900 -92.68499800 45.41500100 -90.94599900 3.84411502
19.015748 46.44599900 -92.68499800 45.53400000 -91.09600100 3.85133542
19.015748 46.52700000 -92.83499900 45.59000000 -91.28099800 3.85552960
19.015748 46.52700000 -92.83499900 45.41500100 -90.94599900 3.83313161
19.015748 46.52700000 -92.83499900 45.53400000 -91.09600100 3.83960457
19.015748 46.61000100 -92.91999800 45.53400000 -91.09600100 3.83888692
19.015748 46.61000100 -92.91999800 45.41500100 -90.94599900 3.82404568
19.015748 46.61000100 -92.91999800 45.59000000 -91.28099800 3.85337140
19.015748 46.65700100 -93.03500400 45.41500100 -90.94599900 3.81562837
19.015748 46.65700100 -93.03500400 45.59000000 -91.28099800 3.84122031
19.015748 46.65700100 -93.03500400 45.69800200 -91.46099900 3.86122397
19.015748 46.65700100 -93.03500400 45.53400000 -91.09600100 3.82411105
19.015748 46.71699900 -93.12599900 45.83300000 -91.58499900 3.86021022
19.015748 46.71699900 -93.12599900 45.69800200 -91.46099900 3.84818900
19.015748 46.71699900 -93.12599900 45.77500200 -91.55600000 3.86080578
19.015748 46.71699900 -93.12599900 45.59000000 -91.28099800 3.81917584
19.015748 46.71699900 -93.12599900 45.41500100 -90.94599900 3.79200677
19.015748 46.71699900 -93.12599900 45.53400000 -91.09600100 3.80771969
19.015748 46.74900100 -93.21099900 45.69800200 -91.46099900 3.82761881
19.015748 46.74900100 -93.21099900 45.83300000 -91.58499900 3.84395482
19.015748 46.74900100 -93.21099900 45.53400000 -91.09600100 3.79421161
19.015748 46.74900100 -93.21099900 45.41500100 -90.94599900 3.77105672
19.015748 46.74900100 -93.21099900 45.77500200 -91.55600000 3.84422404
19.015748 46.74900100 -93.21099900 45.59000000 -91.28099800 3.79518818
19.165354 46.38999900 -92.55300100 45.41500100 -90.94599900 3.86269797
19.165354 46.40000200 -92.65699800 45.53400000 -91.09600100 3.85703526
19.165354 46.40000200 -92.65699800 45.41500100 -90.94599900 3.84338572
19.165354 46.44599900 -92.68499800 45.41500100 -90.94599900 3.85124816
19.165354 46.44599900 -92.68499800 45.53400000 -91.09600100 3.85857851
19.165354 46.52700000 -92.83499900 45.59000000 -91.28099800 3.86249654
19.165354 46.52700000 -92.83499900 45.41500100 -90.94599900 3.84012799
19.165354 46.52700000 -92.83499900 45.53400000 -91.09600100 3.84712043
19.165354 46.61000100 -92.91999800 45.53400000 -91.09600100 3.84779950
19.165354 46.61000100 -92.91999800 45.41500100 -90.94599900 3.83152640
19.165354 46.61000100 -92.91999800 45.59000000 -91.28099800 3.86126350
19.165354 46.65700100 -93.03500400 45.41500100 -90.94599900 3.82317559
19.165354 46.65700100 -93.03500400 45.59000000 -91.28099800 3.84920600
19.165354 46.65700100 -93.03500400 45.69800200 -91.46099900 3.86806361
19.165354 46.65700100 -93.03500400 45.53400000 -91.09600100 3.83159428
19.165354 46.71699900 -93.12599900 45.83300000 -91.58499900 3.86754030
19.165354 46.71699900 -93.12599900 45.69800200 -91.46099900 3.85609056
19.165354 46.71699900 -93.12599900 45.77500200 -91.55600000 3.86773478
19.165354 46.71699900 -93.12599900 45.59000000 -91.28099800 3.82716332
19.165354 46.71699900 -93.12599900 45.41500100 -90.94599900 3.79929400
19.165354 46.71699900 -93.12599900 45.53400000 -91.09600100 3.81554302
19.165354 46.74900100 -93.21099900 45.69800200 -91.46099900 3.83557425
19.165354 46.74900100 -93.21099900 45.83300000 -91.58499900 3.85104082
19.165354 46.74900100 -93.21099900 45.53400000 -91.09600100 3.80198562
19.165354 46.74900100 -93.21099900 45.41500100 -90.94599900 3.77773658
19.165354 46.74900100 -93.21099900 45.77500200 -91.55600000 3.85151195
19.165354 46.74900100 -93.21099900 45.59000000 -91.28099800 3.80283867
19.314961 46.38999900 -92.55300100 45.41500100 -90.94599900 3.87092083
19.314961 46.40000200 -92.65699800 45.41500100 -90.94599900 3.85251461
19.314961 46.44599900 -92.68499800 45.41500100 -90.94599900 3.85846298
19.314961 46.44599900 -92.68499800 45.53400000 -91.09600100 3.86587709
19.314961 46.52700000 -92.83499900 45.59000000 -91.28099800 3.86945294
19.314961 46.52700000 -92.83499900 45.41500100 -90.94599900 3.84715274
19.314961 46.52700000 -92.83499900 45.53400000 -91.09600100 3.85470090
19.314961 46.61000100 -92.91999800 45.53400000 -91.09600100 3.85546775
19.314961 46.61000100 -92.91999800 45.41500100 -90.94599900 3.83901643
19.314961 46.61000100 -92.91999800 45.59000000 -91.28099800 3.86915718
19.314961 46.65700100 -93.03500400 45.41500100 -90.94599900 3.82955639
19.314961 46.65700100 -93.03500400 45.59000000 -91.28099800 3.85722493
19.314961 46.65700100 -93.03500400 45.69800200 -91.46099900 3.87486423
19.314961 46.65700100 -93.03500400 45.53400000 -91.09600100 3.83909641
19.314961 46.71699900 -93.12599900 45.69800200 -91.46099900 3.86277575
19.314961 46.71699900 -93.12599900 45.77500200 -91.55600000 3.87462704
19.314961 46.71699900 -93.12599900 45.59000000 -91.28099800 3.83381017
19.314961 46.71699900 -93.12599900 45.41500100 -90.94599900 3.80659999
19.314961 46.71699900 -93.12599900 45.53400000 -91.09600100 3.82338015
19.314961 46.74900100 -93.21099900 45.69800200 -91.46099900 3.84356533
19.314961 46.74900100 -93.21099900 45.83300000 -91.58499900 3.85816209
19.314961 46.74900100 -93.21099900 45.53400000 -91.09600100 3.80977218
19.314961 46.74900100 -93.21099900 45.41500100 -90.94599900 3.78447593
19.314961 46.74900100 -93.21099900 45.77500200 -91.55600000 3.85880708
19.314961 46.74900100 -93.21099900 45.59000000 -91.28099800 3.81053072
19.464567 46.38999900 -92.55300100 45.41500100 -90.94599900 3.87925093
19.464567 46.40000200 -92.65699800 45.41500100 -90.94599900 3.85991554
19.464567 46.44599900 -92.68499800 45.41500100 -90.94599900 3.86576021
19.464567 46.44599900 -92.68499800 45.53400000 -91.09600100 3.87323452
19.464567 46.52700000 -92.83499900 45.59000000 -91.28099800 3.87640333
19.464567 46.52700000 -92.83499900 45.41500100 -90.94599900 3.85421008
19.464567 46.52700000 -92.83499900 45.53400000 -91.09600100 3.86400256
19.464567 46.61000100 -92.91999800 45.53400000 -91.09600100 3.86318426
19.464567 46.61000100 -92.91999800 45.41500100 -90.94599900 3.84651692
19.464567 46.61000100 -92.91999800 45.59000000 -91.28099800 3.87585309
19.464567 46.65700100 -93.03500400 45.41500100 -90.94599900 3.83706475
19.464567 46.65700100 -93.03500400 45.59000000 -91.28099800 3.86527517
19.464567 46.65700100 -93.03500400 45.69800200 -91.46099900 3.88162805
19.464567 46.65700100 -93.03500400 45.53400000 -91.09600100 3.84661943
19.464567 46.71699900 -93.12599900 45.69800200 -91.46099900 3.87061805
19.464567 46.71699900 -93.12599900 45.77500200 -91.55600000 3.88148343
19.464567 46.71699900 -93.12599900 45.59000000 -91.28099800 3.84183191
19.464567 46.71699900 -93.12599900 45.41500100 -90.94599900 3.81391989
19.464567 46.71699900 -93.12599900 45.53400000 -91.09600100 3.83122811
19.464567 46.74900100 -93.21099900 45.69800200 -91.46099900 3.85158822
19.464567 46.74900100 -93.21099900 45.83300000 -91.58499900 3.86531627
19.464567 46.74900100 -93.21099900 45.53400000 -91.09600100 3.81756706
19.464567 46.74900100 -93.21099900 45.41500100 -90.94599900 3.79127531
19.464567 46.74900100 -93.21099900 45.77500200 -91.55600000 3.86455948
19.464567 46.74900100 -93.21099900 45.59000000 -91.28099800 3.81826429
19.614173 46.38999900 -92.55300100 45.41500100 -90.94599900 3.88982433
19.614173 46.40000200 -92.65699800 45.41500100 -90.94599900 3.86742127
19.614173 46.44599900 -92.68499800 45.41500100 -90.94599900 3.87493370
19.614173 46.44599900 -92.68499800 45.53400000 -91.09600100 3.88065493
19.614173 46.52700000 -92.83499900 45.59000000 -91.28099800 3.88335305
19.614173 46.52700000 -92.83499900 45.41500100 -90.94599900 3.86130421
19.614173 46.52700000 -92.83499900 45.53400000 -91.09600100 3.87175385
19.614173 46.61000100 -92.91999800 45.53400000 -91.09600100 3.87095038
19.614173 46.61000100 -92.91999800 45.41500100 -90.94599900 3.85402897
19.614173 46.61000100 -92.91999800 45.59000000 -91.28099800 3.88369708
19.614173 46.65700100 -93.03500400 45.41500100 -90.94599900 3.84455721
19.614173 46.65700100 -93.03500400 45.59000000 -91.28099800 3.87335501
19.614173 46.65700100 -93.03500400 45.69800200 -91.46099900 3.88835819
19.614173 46.65700100 -93.03500400 45.53400000 -91.09600100 3.85416558
19.614173 46.71699900 -93.12599900 45.69800200 -91.46099900 3.87843769
19.614173 46.71699900 -93.12599900 45.77500200 -91.55600000 3.88830565
19.614173 46.71699900 -93.12599900 45.59000000 -91.28099800 3.84988779
19.614173 46.71699900 -93.12599900 45.41500100 -90.94599900 3.82124875
19.614173 46.71699900 -93.12599900 45.53400000 -91.09600100 3.83908399
19.614173 46.74900100 -93.21099900 45.69800200 -91.46099900 3.85826824
19.614173 46.74900100 -93.21099900 45.83300000 -91.58499900 3.87250103
19.614173 46.74900100 -93.21099900 45.53400000 -91.09600100 3.82536613
19.614173 46.74900100 -93.21099900 45.41500100 -90.94599900 3.79813452
19.614173 46.74900100 -93.21099900 45.77500200 -91.55600000 3.87182865
19.614173 46.74900100 -93.21099900 45.59000000 -91.28099800 3.82603912
19.76378 46.38999900 -92.55300100 45.41500100 -90.94599900 3.89840912
19.76378 46.40000200 -92.65699800 45.41500100 -90.94599900 3.87503379
19.76378 46.44599900 -92.68499800 45.41500100 -90.94599900 3.88243116
19.76378 46.44599900 -92.68499800 45.53400000 -91.09600100 3.88814287
19.76378 46.52700000 -92.83499900 45.59000000 -91.28099800 3.89030807
19.76378 46.52700000 -92.83499900 45.41500100 -90.94599900 3.86843946
19.76378 46.52700000 -92.83499900 45.53400000 -91.09600100 3.87956905
19.76378 46.61000100 -92.91999800 45.53400000 -91.09600100 3.87876743
19.76378 46.61000100 -92.91999800 45.41500100 -90.94599900 3.86155421
19.76378 46.61000100 -92.91999800 45.59000000 -91.28099800 3.89153369
19.76378 46.65700100 -93.03500400 45.41500100 -90.94599900 3.85202944
19.76378 46.65700100 -93.03500400 45.59000000 -91.28099800 3.88146261
19.76378 46.65700100 -93.03500400 45.69800200 -91.46099900 3.89505844
19.76378 46.65700100 -93.03500400 45.53400000 -91.09600100 3.86173710
19.76378 46.71699900 -93.12599900 45.69800200 -91.46099900 3.88623082
19.76378 46.71699900 -93.12599900 45.77500200 -91.55600000 3.89509650
19.76378 46.71699900 -93.12599900 45.59000000 -91.28099800 3.85797800
19.76378 46.71699900 -93.12599900 45.41500100 -90.94599900 3.82858167
19.76378 46.71699900 -93.12599900 45.53400000 -91.09600100 3.84694526
19.76378 46.74900100 -93.21099900 45.69800200 -91.46099900 3.86633211
19.76378 46.74900100 -93.21099900 45.83300000 -91.58499900 3.87971477
19.76378 46.74900100 -93.21099900 45.53400000 -91.09600100 3.83316525
19.76378 46.74900100 -93.21099900 45.41500100 -90.94599900 3.80618821
19.76378 46.74900100 -93.21099900 45.77500200 -91.55600000 3.87909575
19.76378 46.74900100 -93.21099900 45.59000000 -91.28099800 3.83385506
19.913386 46.38999900 -92.55300100 45.41500100 -90.94599900 3.90710104
19.913386 46.40000200 -92.65699800 45.41500100 -90.94599900 3.88480020
19.913386 46.44599900 -92.68499800 45.41500100 -90.94599900 3.89000976
19.913386 46.52700000 -92.83499900 45.41500100 -90.94599900 3.87562004
19.913386 46.52700000 -92.83499900 45.53400000 -91.09600100 3.88744863
19.913386 46.61000100 -92.91999800 45.53400000 -91.09600100 3.88663647
19.913386 46.61000100 -92.91999800 45.41500100 -90.94599900 3.86909410
19.913386 46.61000100 -92.91999800 45.59000000 -91.28099800 3.89936129
19.913386 46.65700100 -93.03500400 45.41500100 -90.94599900 3.85947756
19.913386 46.65700100 -93.03500400 45.59000000 -91.28099800 3.88959633
19.913386 46.65700100 -93.03500400 45.69800200 -91.46099900 3.90001564
19.913386 46.65700100 -93.03500400 45.53400000 -91.09600100 3.86933632
19.913386 46.71699900 -93.12599900 45.69800200 -91.46099900 3.89399466
19.913386 46.71699900 -93.12599900 45.77500200 -91.55600000 3.90185945
19.913386 46.71699900 -93.12599900 45.59000000 -91.28099800 3.86610289
19.913386 46.71699900 -93.12599900 45.41500100 -90.94599900 3.83591363
19.913386 46.71699900 -93.12599900 45.53400000 -91.09600100 3.85329101
19.913386 46.74900100 -93.21099900 45.69800200 -91.46099900 3.87441701
19.913386 46.74900100 -93.21099900 45.83300000 -91.58499900 3.88695605
19.913386 46.74900100 -93.21099900 45.53400000 -91.09600100 3.83944517
19.913386 46.74900100 -93.21099900 45.41500100 -90.94599900 3.81314849
19.913386 46.74900100 -93.21099900 45.77500200 -91.55600000 3.88635920
19.913386 46.74900100 -93.21099900 45.59000000 -91.28099800 3.84171175
20.062992 46.38999900 -92.55300100 45.41500100 -90.94599900 3.91590110
20.062992 46.40000200 -92.65699800 45.41500100 -90.94599900 3.89267175
20.062992 46.44599900 -92.68499800 45.41500100 -90.94599900 3.89766956
20.062992 46.52700000 -92.83499900 45.41500100 -90.94599900 3.88444915
20.062992 46.52700000 -92.83499900 45.53400000 -91.09600100 3.89539312
20.062992 46.61000100 -92.91999800 45.53400000 -91.09600100 3.89455855
20.062992 46.61000100 -92.91999800 45.41500100 -90.94599900 3.87535537
20.062992 46.61000100 -92.91999800 45.59000000 -91.28099800 3.90717857
20.062992 46.65700100 -93.03500400 45.41500100 -90.94599900 3.86564817
20.062992 46.65700100 -93.03500400 45.59000000 -91.28099800 3.89775453
20.062992 46.65700100 -93.03500400 45.69800200 -91.46099900 3.90661107
20.062992 46.65700100 -93.03500400 45.53400000 -91.09600100 3.87696553
20.062992 46.71699900 -93.12599900 45.69800200 -91.46099900 3.90037154
20.062992 46.71699900 -93.12599900 45.59000000 -91.28099800 3.87426278
20.062992 46.71699900 -93.12599900 45.41500100 -90.94599900 3.84202637
20.062992 46.71699900 -93.12599900 45.53400000 -91.09600100 3.86112002
20.062992 46.74900100 -93.21099900 45.69800200 -91.46099900 3.88251902
20.062992 46.74900100 -93.21099900 45.83300000 -91.58499900 3.89422381
20.062992 46.74900100 -93.21099900 45.53400000 -91.09600100 3.84721397
20.062992 46.74900100 -93.21099900 45.41500100 -90.94599900 3.82016379
20.062992 46.74900100 -93.21099900 45.77500200 -91.55600000 3.89361762
20.062992 46.74900100 -93.21099900 45.59000000 -91.28099800 3.84960870
20.212598 46.38999900 -92.55300100 45.41500100 -90.94599900 3.92481002
20.212598 46.40000200 -92.65699800 45.41500100 -90.94599900 3.90065351
20.212598 46.44599900 -92.68499800 45.41500100 -90.94599900 3.90541046
20.212598 46.52700000 -92.83499900 45.41500100 -90.94599900 3.89178188
20.212598 46.52700000 -92.83499900 45.53400000 -91.09600100 3.90340304
20.212598 46.61000100 -92.91999800 45.53400000 -91.09600100 3.90253445
20.212598 46.61000100 -92.91999800 45.41500100 -90.94599900 3.88289374
20.212598 46.61000100 -92.91999800 45.59000000 -91.28099800 3.91498458
20.212598 46.65700100 -93.03500400 45.41500100 -90.94599900 3.87301658
20.212598 46.65700100 -93.03500400 45.59000000 -91.28099800 3.90593570
20.212598 46.65700100 -93.03500400 45.53400000 -91.09600100 3.88462714
20.212598 46.71699900 -93.12599900 45.69800200 -91.46099900 3.90803491
20.212598 46.71699900 -93.12599900 45.59000000 -91.28099800 3.88245779
20.212598 46.71699900 -93.12599900 45.41500100 -90.94599900 3.84934694
20.212598 46.71699900 -93.12599900 45.53400000 -91.09600100 3.86894823
20.212598 46.74900100 -93.21099900 45.69800200 -91.46099900 3.89063432
20.212598 46.74900100 -93.21099900 45.53400000 -91.09600100 3.85497227
20.212598 46.74900100 -93.21099900 45.41500100 -90.94599900 3.82723229
20.212598 46.74900100 -93.21099900 45.77500200 -91.55600000 3.90087058
20.212598 46.74900100 -93.21099900 45.59000000 -91.28099800 3.85754529
20.362205 46.38999900 -92.55300100 45.41500100 -90.94599900 3.93611925
20.362205 46.40000200 -92.65699800 45.41500100 -90.94599900 3.90874716
20.362205 46.44599900 -92.68499800 45.41500100 -90.94599900 3.91323214
20.362205 46.52700000 -92.83499900 45.41500100 -90.94599900 3.89917047
20.362205 46.52700000 -92.83499900 45.53400000 -91.09600100 3.91147927
20.362205 46.61000100 -92.91999800 45.53400000 -91.09600100 3.91056475
20.362205 46.61000100 -92.91999800 45.41500100 -90.94599900 3.89045131
20.362205 46.61000100 -92.91999800 45.59000000 -91.28099800 3.92277915
20.362205 46.65700100 -93.03500400 45.41500100 -90.94599900 3.88035058
20.362205 46.65700100 -93.03500400 45.59000000 -91.28099800 3.91413844
20.362205 46.65700100 -93.03500400 45.53400000 -91.09600100 3.89232340
20.362205 46.71699900 -93.12599900 45.69800200 -91.46099900 3.91566401
20.362205 46.71699900 -93.12599900 45.59000000 -91.28099800 3.89068805
20.362205 46.71699900 -93.12599900 45.41500100 -90.94599900 3.85665292
20.362205 46.71699900 -93.12599900 45.53400000 -91.09600100 3.87677374
20.362205 46.74900100 -93.21099900 45.69800200 -91.46099900 3.89875931
20.362205 46.74900100 -93.21099900 45.53400000 -91.09600100 3.86271617
20.362205 46.74900100 -93.21099900 45.41500100 -90.94599900 3.83435177
20.362205 46.74900100 -93.21099900 45.77500200 -91.55600000 3.90811811
20.362205 46.74900100 -93.21099900 45.59000000 -91.28099800 3.86552067
20.511811 46.38999900 -92.55300100 45.41500100 -90.94599900 3.94527439
20.511811 46.40000200 -92.65699800 45.41500100 -90.94599900 3.91913641
20.511811 46.44599900 -92.68499800 45.41500100 -90.94599900 3.92113427
20.511811 46.52700000 -92.83499900 45.41500100 -90.94599900 3.90661846
20.511811 46.52700000 -92.83499900 45.53400000 -91.09600100 3.91962251
20.511811 46.61000100 -92.91999800 45.53400000 -91.09600100 3.91864982
20.511811 46.61000100 -92.91999800 45.41500100 -90.94599900 3.89802949
20.511811 46.61000100 -92.91999800 45.59000000 -91.28099800 3.93056232
20.511811 46.65700100 -93.03500400 45.41500100 -90.94599900 3.88635145
20.511811 46.65700100 -93.03500400 45.59000000 -91.28099800 3.92236138
20.511811 46.65700100 -93.03500400 45.53400000 -91.09600100 3.90005651
20.511811 46.71699900 -93.12599900 45.69800200 -91.46099900 3.92325920
20.511811 46.71699900 -93.12599900 45.59000000 -91.28099800 3.89895357
20.511811 46.71699900 -93.12599900 45.41500100 -90.94599900 3.86393966
20.511811 46.71699900 -93.12599900 45.53400000 -91.09600100 3.88459486
20.511811 46.74900100 -93.21099900 45.69800200 -91.46099900 3.90689070
20.511811 46.74900100 -93.21099900 45.53400000 -91.09600100 3.87044204
20.511811 46.74900100 -93.21099900 45.41500100 -90.94599900 3.84151967
20.511811 46.74900100 -93.21099900 45.77500200 -91.55600000 3.91536110
20.511811 46.74900100 -93.21099900 45.59000000 -91.28099800 3.87353383
20.661417 46.40000200 -92.65699800 45.41500100 -90.94599900 3.92749086
20.661417 46.44599900 -92.68499800 45.41500100 -90.94599900 3.93110149
20.661417 46.52700000 -92.83499900 45.41500100 -90.94599900 3.91412935
20.661417 46.52700000 -92.83499900 45.53400000 -91.09600100 3.92783379
20.661417 46.61000100 -92.91999800 45.53400000 -91.09600100 3.92678991
20.661417 46.61000100 -92.91999800 45.41500100 -90.94599900 3.90562959
20.661417 46.61000100 -92.91999800 45.59000000 -91.28099800 3.93676821
20.661417 46.65700100 -93.03500400 45.41500100 -90.94599900 3.89358832
20.661417 46.65700100 -93.03500400 45.59000000 -91.28099800 3.93060346
20.661417 46.65700100 -93.03500400 45.53400000 -91.09600100 3.90782839
20.661417 46.71699900 -93.12599900 45.69800200 -91.46099900 3.93082156
20.661417 46.71699900 -93.12599900 45.59000000 -91.28099800 3.90725435
20.661417 46.71699900 -93.12599900 45.41500100 -90.94599900 3.87120260
20.661417 46.71699900 -93.12599900 45.53400000 -91.09600100 3.89240989
20.661417 46.74900100 -93.21099900 45.69800200 -91.46099900 3.91502555
20.661417 46.74900100 -93.21099900 45.53400000 -91.09600100 3.87656391
20.661417 46.74900100 -93.21099900 45.41500100 -90.94599900 3.84873292
20.661417 46.74900100 -93.21099900 45.77500200 -91.55600000 3.92260066
20.661417 46.74900100 -93.21099900 45.59000000 -91.28099800 3.88158354
20.811024 46.40000200 -92.65699800 45.41500100 -90.94599900 3.93595944
20.811024 46.44599900 -92.68499800 45.41500100 -90.94599900 3.93918448
20.811024 46.52700000 -92.83499900 45.41500100 -90.94599900 3.92170615
20.811024 46.52700000 -92.83499900 45.53400000 -91.09600100 3.93809409
20.811024 46.61000100 -92.91999800 45.53400000 -91.09600100 3.93498498
20.811024 46.61000100 -92.91999800 45.41500100 -90.94599900 3.91325263
20.811024 46.61000100 -92.91999800 45.59000000 -91.28099800 3.94448031
20.811024 46.65700100 -93.03500400 45.41500100 -90.94599900 3.90078337
20.811024 46.65700100 -93.03500400 45.59000000 -91.28099800 3.93886363
20.811024 46.65700100 -93.03500400 45.53400000 -91.09600100 3.91564092
20.811024 46.71699900 -93.12599900 45.69800200 -91.46099900 3.93835287
20.811024 46.71699900 -93.12599900 45.59000000 -91.28099800 3.91559025
20.811024 46.71699900 -93.12599900 45.41500100 -90.94599900 3.87727023
20.811024 46.71699900 -93.12599900 45.53400000 -91.09600100 3.89850212
20.811024 46.74900100 -93.21099900 45.69800200 -91.46099900 3.92316115
20.811024 46.74900100 -93.21099900 45.53400000 -91.09600100 3.88422979
20.811024 46.74900100 -93.21099900 45.41500100 -90.94599900 3.85598809
20.811024 46.74900100 -93.21099900 45.77500200 -91.55600000 3.92983880
20.811024 46.74900100 -93.21099900 45.59000000 -91.28099800 3.88966851
20.96063 46.40000200 -92.65699800 45.41500100 -90.94599900 3.94454332
20.96063 46.44599900 -92.68499800 45.41500100 -90.94599900 3.94734481
20.96063 46.52700000 -92.83499900 45.41500100 -90.94599900 3.92935169
20.96063 46.52700000 -92.83499900 45.53400000 -91.09600100 3.94647539
20.96063 46.61000100 -92.91999800 45.53400000 -91.09600100 3.94323488
20.96063 46.61000100 -92.91999800 45.41500100 -90.94599900 3.92089953
20.96063 46.61000100 -92.91999800 45.59000000 -91.28099800 3.95218378
20.96063 46.65700100 -93.03500400 45.41500100 -90.94599900 3.90793464
20.96063 46.65700100 -93.03500400 45.59000000 -91.28099800 3.94714111
20.96063 46.65700100 -93.03500400 45.53400000 -91.09600100 3.92349567
20.96063 46.71699900 -93.12599900 45.69800200 -91.46099900 3.94427378
20.96063 46.71699900 -93.12599900 45.59000000 -91.28099800 3.92396097
20.96063 46.71699900 -93.12599900 45.41500100 -90.94599900 3.88448099
20.96063 46.71699900 -93.12599900 45.53400000 -91.09600100 3.90626825
20.96063 46.74900100 -93.21099900 45.69800200 -91.46099900 3.93129545
20.96063 46.74900100 -93.21099900 45.53400000 -91.09600100 3.89186776
20.96063 46.74900100 -93.21099900 45.41500100 -90.94599900 3.86328163
20.96063 46.74900100 -93.21099900 45.59000000 -91.28099800 3.89778712
21.110236 46.40000200 -92.65699800 45.41500100 -90.94599900 3.95553586
21.110236 46.44599900 -92.68499800 45.41500100 -90.94599900 3.95558174
21.110236 46.52700000 -92.83499900 45.41500100 -90.94599900 3.93897217
21.110236 46.52700000 -92.83499900 45.53400000 -91.09600100 3.95492673
21.110236 46.61000100 -92.91999800 45.53400000 -91.09600100 3.95153916
21.110236 46.61000100 -92.91999800 45.41500100 -90.94599900 3.92857067
21.110236 46.61000100 -92.91999800 45.59000000 -91.28099800 3.95988072
21.110236 46.65700100 -93.03500400 45.41500100 -90.94599900 3.91367974
21.110236 46.65700100 -93.03500400 45.59000000 -91.28099800 3.95543531
21.110236 46.65700100 -93.03500400 45.53400000 -91.09600100 3.93139412
21.110236 46.71699900 -93.12599900 45.69800200 -91.46099900 3.95170872
21.110236 46.71699900 -93.12599900 45.59000000 -91.28099800 3.93236623
21.110236 46.71699900 -93.12599900 45.41500100 -90.94599900 3.89165614
21.110236 46.71699900 -93.12599900 45.53400000 -91.09600100 3.91402442
21.110236 46.74900100 -93.21099900 45.69800200 -91.46099900 3.93942648
21.110236 46.74900100 -93.21099900 45.53400000 -91.09600100 3.89947455
21.110236 46.74900100 -93.21099900 45.41500100 -90.94599900 3.87060949
21.110236 46.74900100 -93.21099900 45.59000000 -91.28099800 3.90593750
21.259843 46.40000200 -92.65699800 45.41500100 -90.94599900 3.96437886
21.259843 46.44599900 -92.68499800 45.41500100 -90.94599900 3.96389469
21.259843 46.52700000 -92.83499900 45.41500100 -90.94599900 3.94680034
21.259843 46.52700000 -92.83499900 45.53400000 -91.09600100 3.96344935
21.259843 46.61000100 -92.91999800 45.53400000 -91.09600100 3.95989733
21.259843 46.61000100 -92.91999800 45.41500100 -90.94599900 3.93626633
21.259843 46.65700100 -93.03500400 45.41500100 -90.94599900 3.92071893
21.259843 46.65700100 -93.03500400 45.59000000 -91.28099800 3.96374570
21.259843 46.65700100 -93.03500400 45.53400000 -91.09600100 3.93933732
21.259843 46.71699900 -93.12599900 45.69800200 -91.46099900 3.95912123
21.259843 46.71699900 -93.12599900 45.59000000 -91.28099800 3.94080570
21.259843 46.71699900 -93.12599900 45.41500100 -90.94599900 3.89766366
21.259843 46.71699900 -93.12599900 45.53400000 -91.09600100 3.92176931
21.259843 46.74900100 -93.21099900 45.69800200 -91.46099900 3.94608646
21.259843 46.74900100 -93.21099900 45.53400000 -91.09600100 3.90543261
21.259843 46.74900100 -93.21099900 45.41500100 -90.94599900 3.87796762
21.259843 46.74900100 -93.21099900 45.59000000 -91.28099800 3.91411786
21.409449 46.40000200 -92.65699800 45.41500100 -90.94599900 3.97333782
21.409449 46.44599900 -92.68499800 45.41500100 -90.94599900 3.97228285
21.409449 46.52700000 -92.83499900 45.41500100 -90.94599900 3.95470215
21.409449 46.52700000 -92.83499900 45.53400000 -91.09600100 3.97204436
21.409449 46.61000100 -92.91999800 45.53400000 -91.09600100 3.96830856
21.409449 46.61000100 -92.91999800 45.41500100 -90.94599900 3.94398645
21.409449 46.65700100 -93.03500400 45.41500100 -90.94599900 3.92771004
21.409449 46.65700100 -93.03500400 45.59000000 -91.28099800 3.97207215
21.409449 46.65700100 -93.03500400 45.53400000 -91.09600100 3.94732611
21.409449 46.71699900 -93.12599900 45.59000000 -91.28099800 3.94927898
21.409449 46.71699900 -93.12599900 45.41500100 -90.94599900 3.90476503
21.409449 46.71699900 -93.12599900 45.53400000 -91.09600100 3.92950140
21.409449 46.74900100 -93.21099900 45.69800200 -91.46099900 3.95419538
21.409449 46.74900100 -93.21099900 45.53400000 -91.09600100 3.91295728
21.409449 46.74900100 -93.21099900 45.41500100 -90.94599900 3.88535162
21.409449 46.74900100 -93.21099900 45.59000000 -91.28099800 3.92232594
21.559055 46.44599900 -92.68499800 45.41500100 -90.94599900 3.98074526
21.559055 46.52700000 -92.83499900 45.41500100 -90.94599900 3.96267890
21.559055 46.52700000 -92.83499900 45.53400000 -91.09600100 3.98071288
21.559055 46.61000100 -92.91999800 45.53400000 -91.09600100 3.97854977
21.559055 46.61000100 -92.91999800 45.41500100 -90.94599900 3.95173056
21.559055 46.65700100 -93.03500400 45.41500100 -90.94599900 3.93324937
21.559055 46.65700100 -93.03500400 45.59000000 -91.28099800 3.98041464
21.559055 46.65700100 -93.03500400 45.53400000 -91.09600100 3.95536113
21.559055 46.71699900 -93.12599900 45.59000000 -91.28099800 3.95778548
21.559055 46.71699900 -93.12599900 45.41500100 -90.94599900 3.91182104
21.559055 46.71699900 -93.12599900 45.53400000 -91.09600100 3.93721930
21.559055 46.74900100 -93.21099900 45.69800200 -91.46099900 3.96229734
21.559055 46.74900100 -93.21099900 45.53400000 -91.09600100 3.92044208
21.559055 46.74900100 -93.21099900 45.41500100 -90.94599900 3.89275709
21.559055 46.74900100 -93.21099900 45.59000000 -91.28099800 3.93055960
21.708661 46.44599900 -92.68499800 45.41500100 -90.94599900 3.98928107
21.708661 46.52700000 -92.83499900 45.41500100 -90.94599900 3.97073165
21.708661 46.52700000 -92.83499900 45.53400000 -91.09600100 3.98945605
21.708661 46.61000100 -92.91999800 45.53400000 -91.09600100 3.98708144
21.708661 46.61000100 -92.91999800 45.41500100 -90.94599900 3.95949784
21.708661 46.65700100 -93.03500400 45.41500100 -90.94599900 3.94012275
21.708661 46.65700100 -93.03500400 45.59000000 -91.28099800 3.98694280
21.708661 46.65700100 -93.03500400 45.53400000 -91.09600100 3.96344259
21.708661 46.71699900 -93.12599900 45.59000000 -91.28099800 3.96632469
21.708661 46.71699900 -93.12599900 45.41500100 -90.94599900 3.91882898
21.708661 46.71699900 -93.12599900 45.53400000 -91.09600100 3.94303649
21.708661 46.74900100 -93.21099900 45.69800200 -91.46099900 3.97039225
21.708661 46.74900100 -93.21099900 45.53400000 -91.09600100 3.92625696
21.708661 46.74900100 -93.21099900 45.41500100 -90.94599900 3.90017955
21.708661 46.74900100 -93.21099900 45.59000000 -91.28099800 3.93881637
21.858268 46.44599900 -92.68499800 45.41500100 -90.94599900 3.99788923
21.858268 46.52700000 -92.83499900 45.41500100 -90.94599900 3.97886111
21.858268 46.61000100 -92.91999800 45.53400000 -91.09600100 3.99566265
21.858268 46.61000100 -92.91999800 45.41500100 -90.94599900 3.96728724
21.858268 46.65700100 -93.03500400 45.41500100 -90.94599900 3.94694568
21.858268 46.65700100 -93.03500400 45.59000000 -91.28099800 3.99528891
21.858268 46.65700100 -93.03500400 45.53400000 -91.09600100 3.97356493
21.858268 46.71699900 -93.12599900 45.59000000 -91.28099800 3.97489625
21.858268 46.71699900 -93.12599900 45.41500100 -90.94599900 3.92470301
21.858268 46.71699900 -93.12599900 45.53400000 -91.09600100 3.95069432
21.858268 46.74900100 -93.21099900 45.69800200 -91.46099900 3.97848047
21.858268 46.74900100 -93.21099900 45.53400000 -91.09600100 3.93364483
21.858268 46.74900100 -93.21099900 45.41500100 -90.94599900 3.90676939
21.858268 46.74900100 -93.21099900 45.59000000 -91.28099800 3.94709382
22.007874 46.44599900 -92.68499800 45.41500100 -90.94599900 4.00870249
22.007874 46.52700000 -92.83499900 45.41500100 -90.94599900 3.98706742
22.007874 46.61000100 -92.91999800 45.53400000 -91.09600100 4.00429216
22.007874 46.61000100 -92.91999800 45.41500100 -90.94599900 3.97509734
22.007874 46.65700100 -93.03500400 45.41500100 -90.94599900 3.95371761
22.007874 46.65700100 -93.03500400 45.59000000 -91.28099800 4.00365227
22.007874 46.65700100 -93.03500400 45.53400000 -91.09600100 3.98176818
22.007874 46.71699900 -93.12599900 45.59000000 -91.28099800 3.98349944
22.007874 46.71699900 -93.12599900 45.41500100 -90.94599900 3.93161439
22.007874 46.71699900 -93.12599900 45.53400000 -91.09600100 3.95833437
22.007874 46.74900100 -93.21099900 45.69800200 -91.46099900 3.98656264
22.007874 46.74900100 -93.21099900 45.53400000 -91.09600100 3.94098522
22.007874 46.74900100 -93.21099900 45.41500100 -90.94599900 3.91422968
22.007874 46.74900100 -93.21099900 45.59000000 -91.28099800 3.95538937
22.15748 46.52700000 -92.83499900 45.41500100 -90.94599900 3.99748516
22.15748 46.61000100 -92.91999800 45.53400000 -91.09600100 4.01296894
22.15748 46.61000100 -92.91999800 45.41500100 -90.94599900 3.98292626
22.15748 46.65700100 -93.03500400 45.41500100 -90.94599900 3.95897950
22.15748 46.65700100 -93.03500400 45.59000000 -91.28099800 4.01203381
22.15748 46.65700100 -93.03500400 45.53400000 -91.09600100 3.99001571
22.15748 46.71699900 -93.12599900 45.59000000 -91.28099800 3.99213393
22.15748 46.71699900 -93.12599900 45.41500100 -90.94599900 3.93847110
22.15748 46.71699900 -93.12599900 45.53400000 -91.09600100 3.96595510
22.15748 46.74900100 -93.21099900 45.69800200 -91.46099900 3.99464001
22.15748 46.74900100 -93.21099900 45.53400000 -91.09600100 3.94827570
22.15748 46.74900100 -93.21099900 45.41500100 -90.94599900 3.92169218
22.15748 46.74900100 -93.21099900 45.59000000 -91.28099800 3.96370050
22.307087 46.52700000 -92.83499900 45.41500100 -90.94599900 4.00587228
22.307087 46.61000100 -92.91999800 45.53400000 -91.09600100 4.02169190
22.307087 46.61000100 -92.91999800 45.41500100 -90.94599900 3.99077199
22.307087 46.65700100 -93.03500400 45.41500100 -90.94599900 3.96563151
22.307087 46.65700100 -93.03500400 45.59000000 -91.28099800 4.02043467
22.307087 46.65700100 -93.03500400 45.53400000 -91.09600100 3.99830677
22.307087 46.71699900 -93.12599900 45.59000000 -91.28099800 4.00079909
22.307087 46.71699900 -93.12599900 45.41500100 -90.94599900 3.94422160
22.307087 46.71699900 -93.12599900 45.53400000 -91.09600100 3.97355501
22.307087 46.74900100 -93.21099900 45.53400000 -91.09600100 3.95387043
22.307087 46.74900100 -93.21099900 45.41500100 -90.94599900 3.92915245
22.307087 46.74900100 -93.21099900 45.59000000 -91.28099800 3.97202447
22.456693 46.52700000 -92.83499900 45.41500100 -90.94599900 4.01433348
22.456693 46.61000100 -92.91999800 45.53400000 -91.09600100 4.03045965
22.456693 46.61000100 -92.91999800 45.41500100 -90.94599900 3.99863215
22.456693 46.65700100 -93.03500400 45.41500100 -90.94599900 3.97223196
22.456693 46.65700100 -93.03500400 45.59000000 -91.28099800 4.02885605
22.456693 46.65700100 -93.03500400 45.53400000 -91.09600100 4.00664017
22.456693 46.71699900 -93.12599900 45.59000000 -91.28099800 4.00949469
22.456693 46.71699900 -93.12599900 45.41500100 -90.94599900 3.95096946
22.456693 46.71699900 -93.12599900 45.53400000 -91.09600100 3.97913201
22.456693 46.74900100 -93.21099900 45.53400000 -91.09600100 3.96104735
22.456693 46.74900100 -93.21099900 45.41500100 -90.94599900 3.93660622
22.456693 46.74900100 -93.21099900 45.59000000 -91.28099800 3.98035878
22.606299 46.52700000 -92.83499900 45.41500100 -90.94599900 4.02286740
22.606299 46.61000100 -92.91999800 45.53400000 -91.09600100 4.03927102
22.606299 46.61000100 -92.91999800 45.41500100 -90.94599900 4.00463928
22.606299 46.65700100 -93.03500400 45.41500100 -90.94599900 3.97728927
22.606299 46.65700100 -93.03500400 45.53400000 -91.09600100 4.01501462
22.606299 46.71699900 -93.12599900 45.59000000 -91.28099800 4.01822026
22.606299 46.71699900 -93.12599900 45.41500100 -90.94599900 3.95765846
22.606299 46.71699900 -93.12599900 45.53400000 -91.09600100 3.98666270
22.606299 46.74900100 -93.21099900 45.53400000 -91.09600100 3.96816871
22.606299 46.74900100 -93.21099900 45.41500100 -90.94599900 3.94404944
22.606299 46.74900100 -93.21099900 45.59000000 -91.28099800 3.98673335
22.755906 46.52700000 -92.83499900 45.41500100 -90.94599900 4.03147264
22.755906 46.61000100 -92.91999800 45.53400000 -91.09600100 4.04812495
22.755906 46.61000100 -92.91999800 45.41500100 -90.94599900 4.01249128
22.755906 46.65700100 -93.03500400 45.41500100 -90.94599900 3.98377153
22.755906 46.65700100 -93.03500400 45.53400000 -91.09600100 4.02342857
22.755906 46.71699900 -93.12599900 45.59000000 -91.28099800 4.02697547
22.755906 46.71699900 -93.12599900 45.41500100 -90.94599900 3.96326509
22.755906 46.71699900 -93.12599900 45.53400000 -91.09600100 3.99416877
22.755906 46.74900100 -93.21099900 45.53400000 -91.09600100 3.97358409
22.755906 46.74900100 -93.21099900 45.41500100 -90.94599900 3.95072614
22.755906 46.74900100 -93.21099900 45.59000000 -91.28099800 3.99504657
22.905512 46.52700000 -92.83499900 45.41500100 -90.94599900 4.04014728
22.905512 46.61000100 -92.91999800 45.53400000 -91.09600100 4.05702029
22.905512 46.61000100 -92.91999800 45.41500100 -90.94599900 4.02034985
22.905512 46.65700100 -93.03500400 45.41500100 -90.94599900 3.99020267
22.905512 46.65700100 -93.03500400 45.53400000 -91.09600100 4.03188015
22.905512 46.71699900 -93.12599900 45.59000000 -91.28099800 4.03576027
22.905512 46.71699900 -93.12599900 45.41500100 -90.94599900 3.96983702
22.905512 46.71699900 -93.12599900 45.53400000 -91.09600100 4.00164857
22.905512 46.74900100 -93.21099900 45.53400000 -91.09600100 3.98058309
22.905512 46.74900100 -93.21099900 45.41500100 -90.94599900 3.95814473
22.905512 46.74900100 -93.21099900 45.59000000 -91.28099800 4.00336219
23.055118 46.52700000 -92.83499900 45.41500100 -90.94599900 4.04888939
23.055118 46.61000100 -92.91999800 45.53400000 -91.09600100 4.06595593
23.055118 46.61000100 -92.91999800 45.41500100 -90.94599900 4.02821163
23.055118 46.65700100 -93.03500400 45.41500100 -90.94599900 3.99506367
23.055118 46.65700100 -93.03500400 45.53400000 -91.09600100 4.04036755
23.055118 46.71699900 -93.12599900 45.59000000 -91.28099800 4.04457430
23.055118 46.71699900 -93.12599900 45.41500100 -90.94599900 3.97634797
23.055118 46.71699900 -93.12599900 45.53400000 -91.09600100 4.00702769
23.055118 46.74900100 -93.21099900 45.53400000 -91.09600100 3.98752276
23.055118 46.74900100 -93.21099900 45.41500100 -90.94599900 3.96553996
23.055118 46.74900100 -93.21099900 45.59000000 -91.28099800 4.01167799
23.204724 46.52700000 -92.83499900 45.41500100 -90.94599900 4.05769636
23.204724 46.61000100 -92.91999800 45.41500100 -90.94599900 4.03607304
23.204724 46.65700100 -93.03500400 45.41500100 -90.94599900 4.00138056
23.204724 46.65700100 -93.03500400 45.53400000 -91.09600100 4.04667526
23.204724 46.71699900 -93.12599900 45.59000000 -91.28099800 4.05341781
23.204724 46.71699900 -93.12599900 45.41500100 -90.94599900 3.98179492
23.204724 46.71699900 -93.12599900 45.53400000 -91.09600100 4.01443160
23.204724 46.74900100 -93.21099900 45.53400000 -91.09600100 3.99274935
23.204724 46.74900100 -93.21099900 45.41500100 -90.94599900 3.97290866
23.204724 46.74900100 -93.21099900 45.59000000 -91.28099800 4.01999195
23.354331 46.52700000 -92.83499900 45.41500100 -90.94599900 4.06656569
23.354331 46.61000100 -92.91999800 45.41500100 -90.94599900 4.04393059
23.354331 46.65700100 -93.03500400 45.41500100 -90.94599900 4.00764770
23.354331 46.65700100 -93.03500400 45.53400000 -91.09600100 4.05520930
23.354331 46.71699900 -93.12599900 45.59000000 -91.28099800 4.06229073
23.354331 46.71699900 -93.12599900 45.41500100 -90.94599900 3.98818410
23.354331 46.71699900 -93.12599900 45.53400000 -91.09600100 4.02180581
23.354331 46.74900100 -93.21099900 45.53400000 -91.09600100 3.99956173
23.354331 46.74900100 -93.21099900 45.41500100 -90.94599900 3.97952973
23.354331 46.74900100 -93.21099900 45.59000000 -91.28099800 4.02830215
23.503937 46.52700000 -92.83499900 45.41500100 -90.94599900 4.07549447
23.503937 46.61000100 -92.91999800 45.41500100 -90.94599900 4.04976982
23.503937 46.65700100 -93.03500400 45.41500100 -90.94599900 4.01386555
23.503937 46.65700100 -93.03500400 45.53400000 -91.09600100 4.06377354
23.503937 46.71699900 -93.12599900 45.59000000 -91.28099800 4.07119331
23.503937 46.71699900 -93.12599900 45.41500100 -90.94599900 3.99451221
23.503937 46.71699900 -93.12599900 45.53400000 -91.09600100 4.02914902
23.503937 46.74900100 -93.21099900 45.53400000 -91.09600100 4.00631317
23.503937 46.74900100 -93.21099900 45.41500100 -90.94599900 3.98683723
23.503937 46.74900100 -93.21099900 45.59000000 -91.28099800 4.03444102
23.653543 46.52700000 -92.83499900 45.41500100 -90.94599900 4.08447968
23.653543 46.61000100 -92.91999800 45.41500100 -90.94599900 4.05758548
23.653543 46.65700100 -93.03500400 45.41500100 -90.94599900 4.01848253
23.653543 46.65700100 -93.03500400 45.53400000 -91.09600100 4.07236544
23.653543 46.71699900 -93.12599900 45.59000000 -91.28099800 4.08012574
23.653543 46.71699900 -93.12599900 45.41500100 -90.94599900 3.99978738
23.653543 46.71699900 -93.12599900 45.53400000 -91.09600100 4.03646001
23.653543 46.74900100 -93.21099900 45.53400000 -91.09600100 4.01134733
23.653543 46.74900100 -93.21099900 45.41500100 -90.94599900 3.99410820
23.653543 46.74900100 -93.21099900 45.59000000 -91.28099800 4.04270354
23.80315 46.52700000 -92.83499900 45.41500100 -90.94599900 4.09351793
23.80315 46.61000100 -92.91999800 45.41500100 -90.94599900 4.06538680
23.80315 46.65700100 -93.03500400 45.41500100 -90.94599900 4.02459367
23.80315 46.65700100 -93.03500400 45.53400000 -91.09600100 4.08098260
23.80315 46.71699900 -93.12599900 45.41500100 -90.94599900 4.00599198
23.80315 46.71699900 -93.12599900 45.53400000 -91.09600100 4.04159352
23.80315 46.74900100 -93.21099900 45.53400000 -91.09600100 4.01797103
23.80315 46.74900100 -93.21099900 45.41500100 -90.94599900 4.00063248
23.80315 46.74900100 -93.21099900 45.59000000 -91.28099800 4.05095790
23.952756 46.61000100 -92.91999800 45.41500100 -90.94599900 4.07316992
23.952756 46.65700100 -93.03500400 45.41500100 -90.94599900 4.03065810
23.952756 46.65700100 -93.03500400 45.53400000 -91.09600100 4.08962245
23.952756 46.71699900 -93.12599900 45.41500100 -90.94599900 4.01213689
23.952756 46.71699900 -93.12599900 45.53400000 -91.09600100 4.04882333
23.952756 46.74900100 -93.21099900 45.53400000 -91.09600100 4.02453459
23.952756 46.74900100 -93.21099900 45.41500100 -90.94599900 4.00781912
23.952756 46.74900100 -93.21099900 45.59000000 -91.28099800 4.05920318
24.102362 46.61000100 -92.91999800 45.41500100 -90.94599900 4.08093086
24.102362 46.65700100 -93.03500400 45.41500100 -90.94599900 4.03667657
24.102362 46.65700100 -93.03500400 45.53400000 -91.09600100 4.09828236
24.102362 46.71699900 -93.12599900 45.41500100 -90.94599900 4.01723124
24.102362 46.71699900 -93.12599900 45.53400000 -91.09600100 4.05601940
24.102362 46.74900100 -93.21099900 45.53400000 -91.09600100 4.02937918
24.102362 46.74900100 -93.21099900 45.41500100 -90.94599900 4.01496172
24.102362 46.74900100 -93.21099900 45.59000000 -91.28099800 4.06743867
24.251969 46.61000100 -92.91999800 45.41500100 -90.94599900 4.08656895
24.251969 46.65700100 -93.03500400 45.41500100 -90.94599900 4.04107572
24.251969 46.65700100 -93.03500400 45.53400000 -91.09600100 4.10695971
24.251969 46.71699900 -93.12599900 45.41500100 -90.94599900 4.02325367
24.251969 46.71699900 -93.12599900 45.53400000 -91.09600100 4.06318117
24.251969 46.74900100 -93.21099900 45.53400000 -91.09600100 4.03581965
24.251969 46.74900100 -93.21099900 45.41500100 -90.94599900 4.02134389
24.251969 46.74900100 -93.21099900 45.59000000 -91.28099800 4.07566397
24.401575 46.61000100 -92.91999800 45.41500100 -90.94599900 4.09425780
24.401575 46.65700100 -93.03500400 45.41500100 -90.94599900 4.04699883
24.401575 46.71699900 -93.12599900 45.41500100 -90.94599900 4.02921893
24.401575 46.71699900 -93.12599900 45.53400000 -91.09600100 4.06812713
24.401575 46.74900100 -93.21099900 45.53400000 -91.09600100 4.04220349
24.401575 46.74900100 -93.21099900 45.41500100 -90.94599900 4.02838349
24.401575 46.74900100 -93.21099900 45.59000000 -91.28099800 4.08387912
24.551181 46.61000100 -92.91999800 45.41500100 -90.94599900 4.10191459
24.551181 46.65700100 -93.03500400 45.41500100 -90.94599900 4.05288026
24.551181 46.71699900 -93.12599900 45.41500100 -90.94599900 4.03512875
24.551181 46.71699900 -93.12599900 45.53400000 -91.09600100 4.07521029
24.551181 46.74900100 -93.21099900 45.53400000 -91.09600100 4.04853218
24.551181 46.74900100 -93.21099900 45.41500100 -90.94599900 4.03537390
24.551181 46.74900100 -93.21099900 45.59000000 -91.28099800 4.08968839
24.700787 46.61000100 -92.91999800 45.41500100 -90.94599900 4.10953572
24.700787 46.65700100 -93.03500400 45.41500100 -90.94599900 4.05872119
24.700787 46.71699900 -93.12599900 45.41500100 -90.94599900 4.03997203
24.700787 46.71699900 -93.12599900 45.53400000 -91.09600100 4.08226034
24.700787 46.74900100 -93.21099900 45.53400000 -91.09600100 4.05313893
24.700787 46.74900100 -93.21099900 45.41500100 -90.94599900 4.04157489
24.850394 46.61000100 -92.91999800 45.41500100 -90.94599900 4.11498040
24.850394 46.65700100 -93.03500400 45.41500100 -90.94599900 4.06452320
24.850394 46.71699900 -93.12599900 45.41500100 -90.94599900 4.04576495
24.850394 46.71699900 -93.12599900 45.53400000 -91.09600100 4.08927788
24.850394 46.74900100 -93.21099900 45.53400000 -91.09600100 4.05935906
24.850394 46.74900100 -93.21099900 45.41500100 -90.94599900 4.04844835
25 46.61000100 -92.91999800 45.41500100 -90.94599900 4.12251000
25 46.65700100 -93.03500400 45.41500100 -90.94599900 4.06869714
25 46.71699900 -93.12599900 45.41500100 -90.94599900 4.05150683
25 46.71699900 -93.12599900 45.53400000 -91.09600100 4.09626378
25 46.74900100 -93.21099900 45.53400000 -91.09600100 4.06553121
25 46.74900100 -93.21099900 45.41500100 -90.94599900 4.05526936
